"","pathway","pval","padj","log2err","ES","NES","size","leadingEdge"
"1","ABC transporters",0.199561403508772,0.385051169590643,0.144630528034484,-0.305931577651981,-1.25599099745961,12,"ABCA2;ABCA8B;ABCB7;ABCB8;ABCC5;ABCG1;ABCA3;ABCB9;ABCD3;ABCD2;ABCB10;ABCA5"
"2","AGE-RAGE signaling pathway in diabetic complications",0.238289205702648,0.437347871442055,0.12563992130984,0.162182499608766,1.21595129613013,42,"PRKCB;PLCB4;MAPK1;FOXO1;PLCB1;PRKCE;EGR1;PRKCA;CDC42;CCND1"
"3","AMPK signaling pathway",0.216049382716049,0.406442901234568,0.133554954557592,-0.128594855916074,-1.21728685334554,71,"RAB14;HMGCR;PPP2CB;PFKP;PRKAA1;CREB3;PPP2R2B;PIK3CB;IGF1R;STK11;RAB8A;TSC2;RAB10;MLYCD;CAB39L;STRADA;PFKM;PPP2R1A;PPP2R5C;AKT1;IRS2;CPT1C;CAB39;PPP2R2D;MTOR;PPP2R3C;PIK3R2;STRADB;PRKAB2;PRKAG1;PRKAG2;RAB2A;RAB11B;AKT1S1;ADIPOR1;PFKFB2;PPP2R5E;PIK3R3;RPS6KB1;FOXO3;AKT3;ELAVL1;PRKAA2;PFKL;PPP2CA;AKT2;PIK3R1;FASN;MAP3K7;TSC1;ULK1;EEF2;PPP2R5D;PIK3CA;RPTOR"
"4","Acute myeloid leukemia",0.658682634730539,0.80268612572426,0.0650877566917313,0.125430863228997,0.829918249638777,33,"MAPK1;CCND1;RUNX1T1;HRAS;BRAF;ARAF;MAP2K1;KRAS;MAP2K2;SOS1;PIK3CA;NRAS;PIK3R1;AKT2;BAD;DUSP6;AKT3;RPS6KB1;PIK3R3;IKBKB;CHUK;GRB2;SOS2;PIK3R2;JUP;MTOR;STAT5B;RAF1;AKT1"
"5","Adherens junction",0.207243460764588,0.39732663496905,0.135002033828631,0.161888037870226,1.25838650335797,45,"BAIAP2;ACTB;MAPK1;LMO7;ACTN1;RAC3;WASF1;CDC42;PARD3;NLK;PTPRJ;CREBBP;FGFR1;PTPRM;SRC;INSR;CTNNB1;PTPRF;EP300;ACTG1;CSNK2B;ACP1;SMAD4;SMAD3;PTPN1"
"6","Adipocytokine signaling pathway",0.854122621564482,0.940933743884712,0.0554793308704233,-0.101365641401768,-0.693847658668972,36,"NFKBIB;PRKAA1;PTPN11;STAT3;SLC2A1;STK11;MAPK9;AKT1;IRS2;CPT1C;MTOR;ACSL6;PRKAB2;PRKAG1;PRKAG2;ACSL1;ADIPOR1;CHUK;IKBKB;AKT3;PRKAA2;ACSL5;AKT2;JAK2"
"7","Adrenergic signaling in cardiomyocytes",4.54676056453962e-08,4.88776760688009e-07,0.719512826338911,0.321236074249505,3.50994243032595,89,"ATP2B1;CALM2;GNAS;SCN4B;CAMK2B;ADCY5;PLCB4;ATP1B1;PPP2R2A;ATP2B2;ATP2A2;ATP2B4;CAMK2D;CACNA2D3;TPM1;MAPK1;ATP1A3;ADCY1;CALM1;ADCY2;CACNG4;CACNB4;PPP1CA;CAMK2A;PLCB1;ATP1A1;ATP1B2;PRKCA;CACNA2D1;PPP1R1A;SCN1B;CACNA2D2;CAMK2G;PPP2R2C;ATP1B3;GNAI1;RYR2;GNAQ;PPP2R3A;CACNG7;ATF4"
"8","African trypanosomiasis",0.037037037037037,0.105171208944794,0.323470511553299,0.41289883095669,1.66075413531582,11,"PRKCB;PLCB4;PLCB1;PRKCA;IDO1;GNAQ"
"9","Alanine, aspartate and glutamate metabolism",0.976344086021505,0.98987578637211,0.0500922874402106,-0.110169308772512,-0.55498717900896,19,"GOT2;GPT2;ALDH5A1;ADSL;GLUD1;ASNS;GAD2;NIT2;PPAT;ADSS"
"10","Alcoholism",4.40376037956272e-06,3.31382968562094e-05,0.610526878385931,0.297960911660836,3.03466905091154,76,"PPP1R1B;CALM2;CAMK4;GNAS;GNG2;GNG7;GRIN2B;ADCY5;GNG3;GRIN3A;CAMKK2;MAPK1;CALM1;GNB2;GNAO1;NTRK2;PPP1CA;H3F3B;ADORA2A;HIST1H2BC;H2AFZ;GRIN1;GNG4;H3F3A;GNB5;HRAS;BRAF;GNAI1;GNB1;NPY;ATF4;PDYN;GNAI2;ARAF;HIST3H2BA;PRKACA;CALM3;MAP2K1;KRAS"
"11","Aldosterone synthesis and secretion",7.15974895522064e-10,1.07754221776071e-08,0.801215574617779,0.453483523302855,3.84164767347832,52,"ATP2B1;CALM2;CAMK4;GNAS;CAMK2B;ADCY5;PRKCB;PLCB4;ATP1B1;ATP2B2;ATP2B4;CAMK2D;PDE2A;ATP1A3;ADCY1;ITPR1;CALM1;ADCY2;CAMK2A;CAMK1;PLCB1;PRKCE;ATP1A1;ATP1B2;PRKCA;CAMK1D;CAMK2G;ATP1B3"
"12","Aldosterone-regulated sodium reabsorption",0.00852888856933553,0.0291688673105707,0.380730400722792,0.327174341243851,1.88205612431905,24,"PRKCB;ATP1B1;NEDD4L;MAPK1;ATP1A3;ATP1A1;ATP1B2;PRKCA;ATP1B3;PDPK1"
"13","Allograft rejection",0.416826003824092,0.612022571468545,0.0865399737444125,0.46379840196681,1.01184472524801,3,"H2-D1;H2-DMA;H2-T23"
"14","Alzheimer disease",3.43523424475253e-39,1.03400550767051e-36,1.62807167569582,0.591859619430687,7.38004836073522,121,"PPP3CA;CALM2;NDUFA4;COX6C;COX7C;COX7A2;ATP5H;GRIN2B;COX5B;RTN3;COX4I1;PLCB4;COX8A;COX6B1;LPL;COX6A1;ATP5C1;UQCRQ;COX7B;GAPDH;ATP2A2;COX5A;UQCR11;ATP5B;NDUFB9;NDUFB10;ATP5J;UQCR10;NDUFAB1;NDUFA2;ATP5G3;NDUFB3;NDUFA7;MAPT;NDUFA6;ATP5O;NDUFB4;NDUFA5;SDHB;NDUFC1;UQCRB;MAPK1;SNCA;NDUFA1;ATP5G1;ITPR1;CALM1;NDUFB2;GSK3B;CDK5R1;NDUFC2;NDUFB7;NDUFB6;PPP3R1;PLCB1;APP;NDUFA3;NDUFA11;CYCS;NDUFV2;NDUFA8;ATP5E;NDUFB8;GRIN1;NDUFS4;ATP5F1;NDUFS6;NDUFV3;ATP5D;UQCRH;ATP5A1;NDUFS5;NDUFS3;NDUFA12;NDUFA13;NDUFB5;RYR3;UQCRFS1;ATF6;NDUFS8;PPP3CB;NDUFB11;NDUFS7"
"15","Amino sugar and nucleotide sugar metabolism",0.00309215016492684,0.0132962457091854,0.431707695803346,-0.353379096106531,-2.08293075853378,26,"MPI;CYB5R4;TSTA3;HEXB;GALT;UAP1;PGM2;GNE;CYB5R3;GMPPA;FPGT;PMM1;PMM2;CYB5R1;AMDHD2;GPI1;NANS;PGM3;UGP2;GNPDA2;UXS1;NAGK;GFPT1"
"16","Aminoacyl-tRNA biosynthesis",0.00364997723612463,0.01492244628614,0.431707695803346,-0.317855062985879,-2.02107422667058,31,"QRSL1;GATC;TARS;MARS;LARS;YARS2;YARS;PSTK;GARS;FARS2;NARS2;HARS2;TARSL2;WARS;IARS;CARS;TARS2;VARS;RARS;FARSA;QARS;IARS2;DARS;RARS2"
"17","Amoebiasis",0.0704761904761905,0.179774011299435,0.234392647294686,0.253556420131637,1.52967758376884,26,"GNAS;GNAL;PRKCB;PLCB4;ADCY1;PLCB1;ACTN1;PRKCA"
"18","Amphetamine addiction",1.60856200907027e-07,1.51305363978172e-06,0.690132458796796,0.415350866958422,3.24503921814284,46,"PPP3CA;PPP1R1B;CALM2;CAMK4;GNAS;CAMK2B;GRIN2B;ADCY5;PRKCB;GRIA2;GRIN3A;CAMK2D;CALM1;PPP1CA;GRIA3;PPP3R1;CAMK2A;GRIN1;PRKCA;CAMK2G;GRIA4;PPP3CB;GRIA1;ATF4;PDYN;JUN;PRKACA;CALM3"
"19","Amyotrophic lateral sclerosis (ALS)",0.0240079851569421,0.0737388115534652,0.352487857583619,0.260787429393112,1.66970797704523,30,"PPP3CA;GRIN2B;GRIA2;SLC1A2;GPX1;SOD1;PPP3R1;CYCS;GRIN1;PPP3CB;GRIA1"
"20","Antigen processing and presentation",0.00400990950867769,0.0158693278381198,0.407017918923954,0.351072003582223,2.01952638433348,24,"HSPA8;HSP90AA1;CD4;H2-D1;HSP90AB1;CTSB;CTSL;CANX;B2M;LGMN;PDIA3;CALR;PSME1;H2-DMA;HSPA5"
"21","Apelin signaling pathway",7.57784370121311e-06,5.30449059084918e-05,0.610526878385931,0.293951343732128,2.9478375055863,74,"CALM2;CAMK4;GNG2;GNG7;ADCY5;PLCB4;GNG3;MAPK1;ADCY1;ITPR1;CALM1;ADCY2;GNB2;PLCB1;GABARAPL2;RPS6;PRKCE;EGR1;GNG4;RYR3;CCND1;MEF2C;SLC8A2;GNB5;HRAS;GABARAP;GNAI1;RYR2;GNAQ;GNB1;MEF2A;GNAI2;PRKACA;CALM3;MAP2K1;KRAS;GABARAPL1;MEF2D;MRAS;MAP2K2;ADCY9;PPARGC1A;HDAC4"
"22","Apoptosis",0.813524590163934,0.913697394176658,0.0562940749700968,-0.0760614889757344,-0.711359927875275,69,"EIF2S1;DIABLO;BAX;TRP53;LMNA;CTSZ;PARP1;PIK3CB;TUBA4A;MAPK3;BCL2L1;MAPK9;GADD45B;CAPN2;MCL1;APAF1;BCL2;DDIT3;ENDOG;AKT1;DFFA;RAF1;FOS;PIK3R2;PARP2"
"23","Arachidonic acid metabolism",0.629237288135593,0.78273724707894,0.0702812841717392,-0.235069017498958,-0.856060426767415,9,"PLA2G12A;FAM213B;LTA4H;PTGDS;PTGES2"
"24","Arginine and proline metabolism",0.0478170478170478,0.127371074273729,0.30068212900741,-0.284907366334577,-1.58855999952816,23,"ODC1;ALDH9A1;GOT2;PYCR2;ALDH1B1;SMS;SAT1;GATM;ALDH2;GAMT;ALDH7A1;AMD1;LAP3;ALDH3A2;PYCRL"
"25","Arginine biosynthesis",0.725738396624473,0.856655911309672,0.0630790410571939,-0.221279212792128,-0.774971891818213,8,"GOT2;GPT2;GLUD1;GOT1;GLS;GLUL;ASS1;ACY1"
"26","Arrhythmogenic right ventricular cardiomyopathy (ARVC)",0.00405959549347251,0.0158693278381198,0.407017918923954,0.297793357783194,2.03122414526061,34,"ACTB;ATP2A2;CACNA2D3;CACNG4;CACNB4;CACNA2D1;ACTN2;CACNA2D2;CDH2;RYR2;CACNG7;CACNG2;ITGAV;CACNB2;CTNNB1;ACTG1;CACNG5;CACNB1;CACNA1C;DAG1;SGCB;CACNA1D;EMD;DMD;CACNB3;CACNG3;ITGB8"
"27","Ascorbate and aldarate metabolism",0.014360323828638,0.0457539473540414,0.380730400722792,-0.633222673060371,-1.75216367818472,5,"ALDH9A1;ALDH1B1;ALDH2;ALDH7A1;ALDH3A2"
"28","Asthma",0.534090909090909,0.708863214473721,0.0728938564822936,0.738109868501905,0.988752848180944,1,"H2-DMA"
"29","Autoimmune thyroid disease",0.416826003824092,0.612022571468545,0.0865399737444125,0.46379840196681,1.01184472524801,3,"H2-D1;H2-DMA;H2-T23"
"30","Autophagy",0.76530612244898,0.884399313635616,0.0589694466690997,-0.0679013110120993,-0.756319689787128,100,"ATG13;EIF2S1;PPP2CB;ATG4D;PRKAA1;ATG16L1;RRAGA;PIK3CB;MAPK3;IGF1R;ATG14;NRBF2;AMBRA1;STK11;BCL2L1;TSC2;MAPK9;MTMR4;PIK3R4;ATG12;RAB33B;SNAP29;BCL2;PRKACB;HIF1A;AKT1;IRS2;RAF1;ATG4C;ATG10;MTOR;LAMP2;PIK3R2;ATG4B;BNIP3;WIPI1;DDIT4;IGBP1;ZFYVE1;ULK2;AKT1S1;DAPK3;UVRAG;PIK3R3;RPS6KB1;ATG2B;AKT3;STX17;BAD;PRKAA2;VMP1;PIK3C3;RAB7;MTMR3;PPP2CA;WIPI2;AKT2;EIF2AK4;PIK3R1;MAP3K7;SUPT20;ATG5;RRAGC;TSC1;NRAS;ULK1;ATG9A;BECN1;PIK3CA;RPTOR;DEPTOR;TRP53INP2;MAPK10;MAP2K2;PTEN;MRAS;GABARAPL1;RRAGB;DAPK1;SH3GLB1;MAPK8;KRAS;MAP2K1;PRKACA;ATG3;RHEB"
"31","Axon guidance",3.86218431679172e-06,2.98081404962643e-05,0.610526878385931,0.263751954621904,3.01149454172814,98,"PPP3CA;CAMK2B;NGEF;CAMK2D;EPHA5;CFL1;MAPK1;EPHA4;ABLIM2;ROCK2;GSK3B;PPP3R1;CAMK2A;UNC5D;MYL12B;PAK1;RAC3;PLXNA2;PRKCA;LRRC4C;ABLIM1;CDC42;CAMK2G;PAK3;ROBO2;DPYSL2;EPHA7;PPP3CB;EFNB2;SEMA6D;HRAS;PARD3;SRGAP1;GNAI1;PLXNA4;SEMA6B;PLXNC1;EPHB1;EFNA5;SRGAP3;ARHGEF12;GNAI2;CFL2;PAK7;NRP1"
"32","B cell receptor signaling pathway",0.446124763705104,0.642505042465245,0.0822054920415869,0.140252473867306,0.993830791238855,36,"PPP3CA;PRKCB;MAPK1;GSK3B;PPP3R1;RAC3;CD81;PPP3CB;HRAS"
"33","Bacterial invasion of epithelial cells",0.308617234468938,0.518959707123745,0.107140237276725,0.138552994182197,1.10822458142401,47,"ARPC2;ACTB;ARPC1A;DNM1;WASF1;CDC42;ARPC3;CLTA;ARHGAP10;ARPC5L;DNM3;SEPT3;SEPT6;CLTB;SEPT8"
"34","Basal cell carcinoma",0.129310344827586,0.272184711839884,0.181383128498408,-0.308014754679633,-1.39153730137597,15,"WNT2;BAX;TRP53;CDKN1A;AXIN1;BMP2;GADD45B"
"35","Basal transcription factors",0.00140970904905893,0.00663003787135528,0.45505986738723,-0.33459512547107,-2.16955223475463,32,"TAF15;TAF1;TBPL1;ERCC3;TAF3;GTF2IRD1;TAF7;TAF9B;GTF2I;TBP;GTF2F2;GTF2H1;GTF2A1;GTF2H2;TAF6;GTF2H4;TAF12;TAF13;TAF5L;CDK7;GTF2H3;GTF2E2"
"36","Base excision repair",0.00625882775090639,0.0229744774758881,0.407017918923954,-0.414756786137979,-1.92897815932452,16,"SMUG1;POLB;PARP1;POLD2;POLD3;POLE4;XRCC1;POLE3;TDG;PARP2;LIG3;MBD4"
"37","Bile secretion",0.00315726858421907,0.0133850400542245,0.431707695803346,0.358729543605305,2.06357604923956,24,"GNAS;ADCY5;ATP1B1;SLC4A4;ATP1A3;ADCY1;ADCY2;ATP1A1;ATP1B2;ATP1B3;NCEH1"
"38","Biosynthesis of unsaturated fatty acids",0.133699633699634,0.277541998231653,0.163180127180689,0.320928826609942,1.34886635868915,12,"TECR;ACOT7;SCD2;SCP2;ELOVL6;ELOVL4;FADS1;HSD17B12"
"39","Bladder cancer",0.36852207293666,0.581470139506295,0.0937465422491719,0.188887958510882,1.06755593315904,23,"MAPK1;CCND1;HRAS;BRAF;ARAF;HBEGF;MAP2K1;KRAS;DAPK1;SRC;MAP2K2"
"40","Breast cancer",0.64969450101833,0.794951401652509,0.0667426134241917,-0.0996137061735528,-0.842599232410896,53,"WNT2;BAX;TRP53;CDKN1A;PIK3CB;MAPK3;AXIN1;IGF1R;CDK4;GADD45B;HEY1;NCOA3;AKT1;RAF1;FOS;MTOR;PIK3R2;DVL2;SOS2;E2F3;GRB2;SHC2;DVL1;SHC4;PIK3R3;RPS6KB1;AKT3;CSNK1A1;APC2;AKT2;PIK3R1;GADD45G;NRAS;PIK3CA;SOS1;LRP6;FZD3;FGF9;MAP2K2;PTEN;CTNNB1;FGFR1;NCOA1;APC;KRAS;MAP2K1;ARAF;JUN"
"41","Butanoate metabolism",0.381856540084388,0.589429838796927,0.0972150808846466,-0.240691638068131,-1.06220230629488,14,"HMGCL;ACAT2;HADHA;ALDH5A1;HMGCLL1;ECHS1;GAD2;BDH1;L2HGDH"
"42","C-type lectin receptor signaling pathway",0.102161100196464,0.232958266357088,0.195789002148949,0.191893343797629,1.42570710083393,40,"PPP3CA;CALM2;CYLD;MAPK1;ITPR1;CALM1;PPP3R1;PAK1;PPP3CB;HRAS;ARHGEF12;JUN;NFKBIA;CALM3;KRAS;MAPK8;SRC;MRAS;MAPK10"
"43","Calcium signaling pathway",2.62538493405768e-16,8.78045405723736e-15,1.03769615548758,0.489614961152123,4.9100144515606,74,"PPP3CA;ATP2B1;CALM2;CAMK4;GNAS;GRM5;PDE1B;CAMK2B;GNAL;PRKCB;SLC25A5;PLCB4;ATP2B2;ATP2A2;ATP2B4;CAMK2D;SLC25A4;ADCY1;ITPR1;CALM1;ADCY2;ERBB4;PDE1A;ADORA2A;PPP3R1;CAMK2A;CAMK1;PLCB1;GRIN1;CACNA1E;PTK2B;ITPKA;PRKCA;CAMK1D;RYR3;CAMK2G;SLC8A2;STIM2;PPP3CB;RYR2;GNAQ;VDAC3;PDE1C;GRM1;CACNA1B;VDAC2;PRKACA;CALM3;CACNA1A;VDAC1;CACNA1I"
"44","Carbohydrate digestion and absorption",0.111731843575419,0.249047708255277,0.181383128498408,0.275231618121685,1.41070949162731,19,"PRKCB;ATP1B1;ATP1A3;ATP1A1;ATP1B2;ATP1B3;G6PC3"
"45","Cardiac muscle contraction",9.55353994606658e-13,2.39634626980503e-11,0.910119734774459,0.532153727744535,4.34032402940556,48,"COX6C;COX7C;COX7A2;COX5B;COX4I1;COX8A;COX6B1;ATP1B1;COX6A1;UQCRQ;COX7B;ATP2A2;COX5A;UQCR11;UQCR10;CACNA2D3;TPM1;UQCRB;ATP1A3;CACNG4;CACNB4;ATP1A1;ATP1B2;UQCRH;CACNA2D1;UQCRFS1;CACNA2D2;ATP1B3;UQCRC1;RYR2;UQCRC2;CACNG7;CACNG2;CYC1;SLC9A6;CACNB2;COX7A2L;TPM3;CACNG5;CACNB1;CACNA1C;FXYD2"
"46","Cell adhesion molecules (CAMs)",1.97277136115385e-06,1.56264257817713e-05,0.627256739718528,0.410036885497839,3.07422122352905,42,"ALCAM;NRXN2;NRXN1;NRXN3;NRCAM;GLG1;NLGN1;CNTN1;NCAM1;CD4;LRRC4C;CADM3;H2-D1;NEGR1;CDH2;SDC3;NLGN3;CADM1;NFASC;NLGN2;CNTNAP1;CNTN2;ITGAV;H2-DMA;PTPRM;IGSF11;PTPRF;LRRC4;LRRC4B;L1CAM"
"47","Cell cycle",0.849898580121704,0.940512766972915,0.05378728077603,-0.075073339546451,-0.68702557021368,64,"TRP53;RBL2;ANAPC10;CCNE2;ORC3;CDKN1A;MDM2;CDKN1B;CDC27;SMC3;ANAPC5;CDK4;HDAC1;GADD45B;ANAPC7;ZBTB17;E2F4;ANAPC2;ORC4;MAD2L2;ANAPC4;E2F3;CDK7;CDC23;FZR1;SMC1A;BUB3;CUL1;ORC2;SMAD2;E2F5;PRKDC;PCNA;ORC6;CDC26;RAD21;PTTG1;STAG2;GADD45G;CDC16;STAG1;SMAD3;TFDP2;SMAD4;CDKN2D;ANAPC1;HDAC2;YWHAB;EP300"
"48","Cellular senescence",0.254368932038835,0.453047624518872,0.11776578836269,0.115942224507015,1.16270547888477,74,"PPP3CA;CALM2;SLC25A5;SLC25A4;MAPK1;ITPR1;CALM1;FOXO1;PPP1CA;PPP3R1;CCND1;H2-D1;SQSTM1;PPP3CB;HRAS;VDAC3;CCND2;VDAC2;RHEB;CALM3;VDAC1;MAP2K1;HIPK1;KRAS;MRAS;PTEN;MAP2K2;HIPK3;PPID;PIK3CA;MAPK14;FBXW11;SMAD3;PPP1CC;NRAS;PPP1CB;TSC1;CACNA1D;GADD45G;MCU;PIK3R1;AKT2;RBBP4;AKT3;FOXO3;NBN;PIK3R3;E2F5;H2-T23"
"49","Central carbon metabolism in cancer",0.672131147540984,0.804154483430799,0.0653834195468773,-0.119872819397681,-0.846444890242247,38,"PDHB;TRP53;PFKP;PIK3CB;MAPK3;SLC2A1;PFKM;HIF1A;AKT1;RAF1;LDHA;MTOR;PIK3R2;PGAM2;PIK3R3;AKT3;SCO2;SIRT3;PFKL;AKT2;PIK3R1;PGAM1;PDK1;NRAS;GLS;G6PDX;PIK3CA;PDHA1;NTRK3;MAP2K2;PTEN;FGFR1;KRAS;MAP2K1"
"50","Chagas disease (American trypanosomiasis)",0.168336673346693,0.337795591182365,0.151148761385484,0.172450174273529,1.32689706253197,44,"GNAS;GNAL;PLCB4;PPP2R2A;MAPK1;ADCY1;GNAO1;PLCB1;PPP2R2C;GNAI1;GNAQ;MAP2K4;JUN;CALR;GNAI2;NFKBIA"
"51","Chemical carcinogenesis",0.00268415257120168,0.0118813224107604,0.431707695803346,0.566244310493296,2.05743628070331,9,"GSTP1;CBR1;GSTO1;ADH5;EPHX1;MGST3;GSTM1;GSTA4;GSTM5"
"52","Chemokine signaling pathway",0.00655444469104818,0.0237697331566928,0.407017918923954,0.193215125249472,2.01159711161074,81,"GNG2;GNG7;ADCY5;PRKCB;PLCB4;GNG3;CX3CL1;MAPK1;ADCY1;ADCY2;ROCK2;GSK3B;GNB2;PLCB1;RASGRP2;PAK1;PTK2B;RAC3;GNG4;CDC42;GNB5;HRAS;PARD3;BRAF;GNAI1;GNB1"
"53","Cholesterol metabolism",0.0427509293680297,0.11805531871355,0.30068212900741,0.355347207441887,1.62553399802774,15,"LPL;SORT1;NCEH1;VDAC3;VAPA;VDAC2;VDAC1;LRPAP1;LRP1;APOE;VAPB"
"54","Choline metabolism in cancer",0.457593688362919,0.655884286653517,0.083129129135339,0.110059593642428,0.985563139647575,59,"DGKB;PRKCB;MAPK1;RAC3;PRKCA;WASF1;PDPK1;HRAS;DGKG;PIP5K1C;JUN;DGKH;DGKZ;PDGFA;RHEB;MAP2K1;KRAS;MAPK8;CHPT1;MAP2K2;MAPK10;PIP5K1A;PRKCG;SOS1;PIK3CA;DGKE;DGKI;NRAS;TSC1;PIK3R1;AKT2;WASF3;AKT3;RPS6KB1;PIK3R3;LYPLA1;GPCPD1;RAC1;GRB2;SOS2;PCYT1B;PIK3R2;MTOR;WASL;RALGDS;FOS;SLC44A1;RAF1;PLCG1;AKT1;HIF1A"
"55","Cholinergic synapse",2.87864323647486e-08,3.20915412658864e-07,0.73376198835648,0.368994423554963,3.51090435990268,67,"CAMK4;GNG2;CAMK2B;GNG7;ADCY5;PRKCB;PLCB4;GNG3;KCNQ3;CAMK2D;KCNJ3;MAPK1;ADCY1;ITPR1;ADCY2;GNB2;GNAO1;CAMK2A;PLCB1;KCNJ4;ACHE;GNG4;PRKCA;KCNQ2;CAMK2G;GNB5;HRAS;KCNJ2;GNAI1;GNAQ;KCNQ5;GNB1;ATF4;GNAI2;CACNA1B;PRKACA;CACNA1A;MAP2K1;KRAS"
"56","Chronic myeloid leukemia",0.387423935091278,0.593226042147362,0.0940503465727813,-0.128806946027732,-1.02265685086415,48,"CBL;BAX;TRP53;PTPN11;CDKN1A;MDM2;CDKN1B;PIK3CB;MAPK3;BCL2L1;CDK4;HDAC1;GADD45B;AKT1;RAF1;STAT5B;PIK3R2;CRK;SOS2;E2F3;GRB2;SHC2;CTBP1;CHUK;IKBKB;SHC4;PIK3R3;AKT3;BAD;AKT2;PIK3R1;GADD45G;NRAS;SMAD3;SMAD4;PIK3CA;SOS1"
"57","Circadian entrainment",1.00329685688992e-11,2.01328235949243e-10,0.875325132024659,0.458616001567294,4.17960110040366,62,"CALM2;GNAS;GNG2;CAMK2B;GNG7;GRIN2B;ADCY5;PRKCB;PLCB4;GRIA2;GNG3;CAMK2D;KCNJ3;MAPK1;ADCY1;ITPR1;CALM1;ADCY2;GNB2;GNAO1;GRIA3;CAMK2A;PLCB1;GRIN1;GNG4;PRKCA;RYR3;CAMK2G;GRIA4;GNB5;ADCYAP1R1;GRIA1;GNAI1;RYR2;GNAQ;GNB1"
"58","Circadian rhythm",0.247211895910781,0.445573536940988,0.116739204791222,0.199112721794793,1.18315275080545,25,"SKP1A;RBX1;RORA;BHLHE41;NPAS2;CREB1;FBXL3;FBXW11;PER3;PER1;BHLHE40;CSNK1D;PRKAA2;NR1D1;CRY2;ARNTL;CLOCK;CUL1;PRKAG2;CRY1;PRKAG1;PRKAB2"
"59","Citrate cycle (TCA cycle)",0.257197696737044,0.455391215987355,0.116234148779716,0.208230702554965,1.17687714839493,23,"MDH1;SDHB;MDH2;SUCLG1;IDH3G;IDH3B;IDH3A;PDHA1;IDH1;SDHD;OGDH;ACO2;DLD;FH1;SDHA;SDHC;SUCLA2"
"60","Cocaine addiction",0.000103727948752538,0.000578187269898405,0.538434096309916,0.401820920092859,2.51653578088546,28,"PPP1R1B;GNAS;GRIN2B;ADCY5;RGS9;GRIA2;GRIN3A;CDK5R1;GRIN1;GRM3;DLG4;GNAI1;ATF4;PDYN;JUN;GNAI2;PRKACA"
"61","Collecting duct acid secretion",0.00190607973175643,0.00869287877664675,0.45505986738723,0.479277739180278,2.12201210082386,14,"ATP6V1D;ATP6V1G1;ATP6V1E1;ATP6V1F;ATP6V1A;ATP6V0A1;ATP6V1G2;ATP6V0E2;ATP6V1C1;ATP6V0D1"
"62","Colorectal cancer",0.994,0.997313333333333,0.0459538081039063,-0.0568106897961979,-0.487430122983898,54,"BAX;TRP53;APPL1;CDKN1A;RHOA;MSH2;PIK3CB;MAPK3;AXIN1;MAPK9;GADD45B;BCL2;AKT1;RAF1;FOS;RALGDS;MTOR;PIK3R2;SOS2"
"63","Complement and coagulation cascades",0.519832985386221,0.70481859730294,0.0793434960134973,-0.428646564745879,-0.95240548632865,3,"CD59A;PLAT"
"64","Cortisol synthesis and secretion",0.000993877764476336,0.00474852709694249,0.45505986738723,0.346868549490343,2.1938865497229,29,"GNAS;ADCY5;PLCB4;KCNK2;ADCY1;ITPR1;ADCY2;KCNA4;PLCB1;PDE8B;PBX1;NCEH1;GNAQ;ATF4;PRKACA;CACNA1I;ADCY9;GNA11;CREB1;CACNA1C"
"65","Cushing syndrome",0.00530702007055596,0.0197211486572512,0.407017918923954,0.210022242470935,2.02008766421438,68,"GNAS;CAMK2B;ADCY5;PLCB4;KCNK2;CAMK2D;MAPK1;ADCY1;ITPR1;ADCY2;GSK3B;CAMK2A;KCNA4;PLCB1;CCND1;CAMK2G;PDE8B;PBX1;NCEH1;BRAF;KMT2A;GNAI1;GNAQ"
"66","Cysteine and methionine metabolism",0.392484342379958,0.593657221388781,0.0949751525905595,-0.191917615994952,-1.04657013074926,22,"GCLM;GOT2;APIP;AHCYL2;SMS;ADI1;MAT2A;AMD1;DNMT1;LDHA"
"67","Cytokine-cytokine receptor interaction",0.983298538622129,0.98987578637211,0.0484087618816951,-0.0950068662004372,-0.518093911629684,22,"IFNGR1;BMPR1A;BMP2;CSF2RA;CRLF2;IFNAR2;IL34;IL18;INHA;IL6ST;IFNAR1"
"68","Cytosolic DNA-sensing pathway",0.321503131524008,0.52881116168703,0.107140237276725,-0.206078849510093,-1.10424251661335,21,"NFKBIB;POLR3H;POLR1C;POLR3C;POLR3A;POLR2H;POLR3F;POLR3E;POLR3D;IL18;TBK1"
"69","DNA replication",0.00372054734073673,0.0149317966608234,0.431707695803346,-0.414727250338628,-1.98355604509104,17,"RFC5;RPA2;RFC3;POLD2;POLD3;POLE4;RFC2;POLE3;RFC1;RNASEH2A;RPA1;RNASEH2B;PCNA;RPA3;RNASEH2C;PRIM1;SSBP1"
"70","Dilated cardiomyopathy (DCM)",4.14534235459656e-05,0.000244656480143836,0.557332238758646,0.376347889740535,2.73218740662753,38,"GNAS;ADCY5;ACTB;ATP2A2;CACNA2D3;TPM1;ADCY1;ADCY2;CACNG4;CACNB4;CACNA2D1;CACNA2D2;RYR2;CACNG7;CACNG2;PRKACA;ITGAV;CACNB2;ADCY9;TPM3;ACTG1;CACNG5;CACNB1;CACNA1C;DAG1;SGCB;ADCY3;CACNA1D;EMD;DMD;CACNB3;CACNG3;ITGB8"
"71","Dopaminergic synapse",1.35136563978552e-09,1.84891389807019e-08,0.788186810800237,0.340796417333988,3.7177868263425,90,"PPP3CA;PPP1R1B;CALM2;GNAS;GNG2;CAMK2B;GNAL;GNG7;GRIN2B;ADCY5;PRKCB;PLCB4;GRIA2;GNG3;PPP2R2A;CAMK2D;KCNJ3;ITPR1;CALM1;GSK3B;GNB2;GNAO1;PPP1CA;GRIA3;CAMK2A;PLCB1;SCN1A;GNG4;PRKCA;CAMK2G;GRIA4;PPP2R2C;GNB5;KIF5A;PPP3CB;GRIA1;GNAI1;GNAQ;GNB1;PPP2R3A;ATF4;KIF5C;GNAI2;CACNA1B;CALY;PRKACA;CALM3;CACNA1A;KCNJ9;COMT"
"72","Drug metabolism",0.0363288718929254,0.104142766093053,0.332263053752429,0.316508578027377,1.68188212184432,21,"NME1;GSTP1;HPRT;GSTO1;UCKL1;ITPA;ADH5;GMPS;CMPK1;MGST3;DUT;GSTM1;GSTA4;MAOA;IMPDH2;GSTM5"
"73","ECM-receptor interaction",0.152727272727273,0.312727272727273,0.151148761385484,0.298409619534444,1.29436942790879,13,"SV2A;SV2B;RELN;CD47;AGRN;ITGAV;DAG1;TNR;SV2C;ITGB8;ITGB1;LAMB1"
"74","Endocrine and other factor-regulated calcium reabsorption",1.34984967831506e-06,1.09812095452117e-05,0.643551836150722,0.47080685671109,3.05495856675392,31,"ATP2B1;GNAS;PRKCB;PLCB4;ATP1B1;CALB1;ATP1A3;PLCB1;ATP1A1;ATP1B2;DNM1;PRKCA;CLTA;ATP1B3;DNM3;GNAQ;CLTB;CLTC;PRKACA;AP2S1;AP2A2"
"75","Endocytosis",0.260617760617761,0.458748221906117,0.115734447701689,0.0795926071137034,1.15038709530369,162,"UBB;ARPC2;HSPA8;ARF3;NEDD4L;ARPC1A;WIPF3;CHMP2A;DNM1;AGAP2;SNX3;CDC42;ARPC3;CLTA;H2-D1;VPS28;PSD;VPS29;KIF5A;AGAP1;HRAS;CHMP5;ARPC5L;IQSEC1;DNM3;PARD3;AMPH;DNAJC6;CHMP3;CLTB;RAB11FIP4;SH3GL2;PIP5K1C;KIF5C;TSG101;PSD3;ARFGEF1;CLTC;AP2S1;AP2A2;CAPZA2;ARF5;ASAP2;EPS15;SH3GLB1;RUFY1;VTA1;SRC;PRKCZ;VPS26A;PARD6A;BIN1;TFRC;AP2B1;GIT1;PIP5K1A;ACAP2;RAB11FIP2;GBF1;KIF5B;ARAP2;RAB11FIP5;SMAP1;ARFGEF2;SNF8;ARRB2;HGS;SNX2;SMAD3;VPS37A;EHD3;EEA1;RNF41;GRK6;WIPF2;SNX1;SH3GL3;IGF2R;AP2M1;CAPZB;VPS4B;RAB7;SPG21;ACAP3;SH3KBP1;EPN2;SH3GLB2;AGAP3;CHMP4B;RAB11A;RAB5B;VPS45;H2-T23;ZFYVE16;STAM2;VPS4A;SNX5;NEDD4;RAB35;ITCH;SMAD2;RAB22A;VPS26B;ZFYVE27;CYTH3;VPS37B"
"76","Endometrial cancer",0.944990176817289,0.986594327505492,0.0474483193656297,0.0806093343671072,0.598901963592245,40,"MAPK1;GSK3B;CCND1;PDPK1;ELK1;HRAS;BRAF;ARAF;MAP2K1;KRAS;APC;CTNNB1;PTEN;MAP2K2;SOS1;PIK3CA;NRAS;GADD45G;PIK3R1;AKT2;APC2;BAD;AKT3;FOXO3;PIK3R3"
"77","Epstein-Barr virus infection",0.643892339544513,0.794951401652509,0.0679922591544058,-0.087660377962495,-0.859075379765103,75,"NFKBIB;PSMD13;BAX;TRP53;MAP2K7;PSMD11;CCNE2;CDKN1A;STAT3;MDM2;PSMD2;CDKN1B;CIR1;PIK3CB;PSMD1;CDK4;HDAC1;MAPK9;GADD45B"
"78","ErbB signaling pathway",0.100591715976331,0.231216092947333,0.197822021315103,0.160173842870896,1.43432689731831,59,"CAMK2B;PRKCB;CAMK2D;MAPK1;ERBB4;GSK3B;CAMK2A;PAK1;PRKCA;TGFA;CAMK2G;PAK3;ELK1;HRAS;BRAF;MAP2K4;JUN;ARAF;PAK7;HBEGF;MAP2K1;KRAS;MAPK8;SRC;MAP2K2;MAPK10;ABL2"
"79","Estrogen signaling pathway",4.700301807758e-06,3.36854962889324e-05,0.610526878385931,0.299263071280594,2.91292154289011,70,"CALM2;GNAS;ADCY5;PLCB4;GABBR2;HSPA8;KCNJ3;MAPK1;ADCY1;ITPR1;CALM1;ADCY2;GNAO1;PLCB1;GABBR1;HSP90AA1;TGFA;HSP90AB1;KRT10;HSP90B1;CTSD;HRAS;FKBP4;GNAI1;GNAQ;ATF4;JUN;GNAI2;GRM1;NCOA2;PRKACA;CALM3;HBEGF;MAP2K1;KCNJ9;KRAS;NCOA1;SRC;MAP2K2;KRT9;ADCY9"
"80","Ether lipid metabolism",0.673245614035088,0.804154483430799,0.0686325631836726,-0.199521701155155,-0.819129108449781,12,"PLA2G7;PLA2G12A;GDPD1;PAFAH1B2;CEPT1;AGPS;ENPP2;LPCAT1;PLD3;LPCAT4;CHPT1"
"81","Fanconi anemia pathway",0.0611814345991561,0.157398391575607,0.266350657088526,-0.35234065906615,-1.55492340184907,14,"FANCL;RPA2;REV1;TOP3B;ATRIP;RPA1;USP1;MUS81;WDR48;FANCE;ERCC1"
"82","Fat digestion and absorption",0.0313656614438709,0.0925594519078935,0.321775918075361,-0.492848927283875,-1.72607295885748,8,"ACAT2;PLA2G12A;GOT2;DGAT1;SCARB1"
"83","Fatty acid biosynthesis",0.563809523809524,0.728354792560801,0.0704500850658419,0.305459911460895,0.910216710526701,6,"ACSL4;ACSL3;FASN;ACSL5;ACSL1;ACSL6"
"84","Fatty acid degradation",0.0531697341513292,0.14038675420658,0.282013350011725,-0.28179643325627,-1.60267843127144,24,"ACAT2;ALDH9A1;HADHA;ACAA1A;HADHB;ACOX1;ALDH1B1;ALDH2;ALDH7A1;CPT1C;ECHS1;ACSL6;GCDH;ALDH3A2;ACSL1;ACADVL;ECI2"
"85","Fatty acid elongation",0.901315789473684,0.971465163934426,0.0546808488785442,-0.157803625864435,-0.647857063247266,12,"HADHA;HADHB;PPT1;THEM4;ECHS1"
"86","Fc epsilon RI signaling pathway",0.957692307692308,0.98987578637211,0.0458620343117985,0.0887668978419025,0.575988202254877,31,"MAPK1;RAC3;PRKCA;PDPK1;HRAS;MAP2K4;MAP2K1;KRAS;MAPK8;MAP2K2;MAPK10;SOS1;PIK3CA;MAPK14;NRAS;PIK3R1;AKT2"
"87","Fc gamma R-mediated phagocytosis",0.081799591002045,0.205180640763463,0.224966093540314,0.188517693634467,1.47284466657661,46,"PRKCB;ARPC2;ARPC1A;CFL1;MAPK1;MARCKSL1;PRKCE;PAK1;PRKCA;WASF1;CDC42;ARPC3;ARPC5L;AMPH"
"88","Ferroptosis",0.315789473684211,0.528070175438596,0.103958471559957,0.194749784167075,1.12028963704178,24,"PRNP;MAP1LC3A;PCBP2;ACSL4;PCBP1;FTH1;ACSL3;VDAC3;VDAC2;GPX4;TFRC;GCLC;FTL1;MAP1LC3B;ATG5"
"89","Fluid shear stress and atherosclerosis",0.0303644236199799,0.0923201162587266,0.352487857583619,0.179090668750471,1.722573982938,68,"CALM2;ACTB;CALM1;GSTP1;RAC3;TXN1;HSP90AA1;ARHGEF2;SUMO1;MEF2C;HSP90AB1;HSP90B1;CTSL;SQSTM1;MAP2K4;MEF2A;GSTO1;SUMO3;JUN;PDGFA;CALM3;ASS1;ITGAV;MAPK8;SRC;CTNNB1;PRKCZ;MAPK10;GPC1;ACTG1;MGST3;BMPR2;PIK3CA;MAPK14;GSTM1;GSTA4;MAP3K7;GSTM5;MAP3K5;PIK3R1;PTK2;ACVR2A;AKT2"
"90","Focal adhesion",0.193798449612403,0.37696394686907,0.137250779610133,0.117167287687448,1.26593775688289,86,"PRKCB;ACTB;MAPK1;ROCK2;GSK3B;PPP1CA;ACTN1;MYL12B;PAK1;RAC3;PRKCA;CDC42;CCND1;RELN;PAK3;PDPK1;ELK1;HRAS;BRAF;PIP5K1C;JUN;CCND2;PAK7;PDGFA;TLN2;MAP2K1;ITGAV;MAPK8;XIAP;BIRC2;SRC;CTNNB1;PTEN"
"91","Folate biosynthesis",0.913135593220339,0.974658913330929,0.0524827622635459,-0.16462770594797,-0.599531430007295,9,"PTS;SPR;PCBD2;GGH;AKR1B3;MOCS2;QDPR;GPHN"
"92","FoxO signaling pathway",0.252895752895753,0.453047624518872,0.11776578836269,0.11528811580653,1.1867833318854,78,"HOMER1;MAPK1;FOXO1;PLK2;GABARAPL2;AGAP2;CCND1;FBXO32;PDPK1;G6PC3;HRAS;BRAF;GABARAP;NLK;CCND2;ARAF;GRM1;SGK3;MAP2K1;KRAS;CREBBP;MAPK8;GABARAPL1;SOD2;INSR;PTEN;MAP2K2;MAPK10;FOXG1;EP300;SETD7;PRMT1;CDKN2D;CCNG2;SOS1;PIK3CA;MAPK14;SMAD4;SMAD3"
"93","Fructose and mannose metabolism",0.528907922912206,0.708863214473721,0.0797705918628453,-0.198271551890932,-0.922134383319653,16,"PFKP;MPI;TSTA3;PFKM;ALDOART1;GMPPA;FPGT;PMM1;PMM2;PFKFB2;PFKL;AKR1B3"
"94","GABAergic synapse",5.01859970387417e-12,1.07899893633295e-10,0.887074988399873,0.470921554758607,4.21701471607734,59,"GNG2;GNG7;ADCY5;PRKCB;GABBR2;GNG3;GABRA1;GABRA3;GABRA4;ADCY1;ADCY2;GNB2;GNAO1;GABARAPL2;GABBR1;GABRB3;GNG4;PRKCA;SLC6A1;HAP1;SLC38A1;GNB5;GAD1;GABARAP;GABRD;GNAI1;GABRB1;GNB1;SLC12A5;ABAT;GNAI2;GABRA2;CACNA1B;PRKACA;CACNA1A;GABRG1;GABRG2;GABRG3;GABARAPL1;SRC;GPHN;NSF;SLC38A2;ADCY9;GABRB2;CACNA1C;PRKCG;GLUL"
"95","Galactose metabolism",0.980519480519481,0.98987578637211,0.0501934252649434,-0.126614987080103,-0.503887602798449,11,"PFKP;GALT;PFKM;PGM2;UGP2;PFKL;AKR1B3;B4GALT2;HK1;GAA;G6PC3"
"96","Gap junction",3.37609317427059e-05,0.000207388580705194,0.557332238758646,0.328671374886021,2.78431201529357,52,"GNAS;GRM5;TUBA1B;TUBA1A;TUBB2A;ADCY5;PRKCB;PLCB4;MAPK1;ADCY1;ITPR1;ADCY2;PLCB1;PRKCA;TUBB4B;HRAS;GNAI1;GNAQ;TUBB5;TUBB4A;TUBB2B;TUBB3;GNAI2;GRM1;PDGFA;PRKACA;MAP2K1;KRAS;SRC;MAP2K2;ADCY9;GNA11"
"97","Gastric acid secretion",4.78584353772043e-12,1.07899893633295e-10,0.887074988399873,0.580809400949674,4.15143575282712,37,"CALM2;GNAS;CAMK2B;ADCY5;PRKCB;PLCB4;ATP1B1;ACTB;KCNK2;CAMK2D;ATP1A3;ADCY1;ITPR1;CALM1;ADCY2;CAMK2A;PLCB1;ATP1A1;ATP1B2;PRKCA;SST;CAMK2G;ATP1B3;KCNJ2;GNAI1;GNAQ;GNAI2;PRKACA;CALM3"
"98","Gastric cancer",0.903688524590164,0.971465163934426,0.0514264916187015,-0.0756280251518408,-0.651228129107286,56,"WNT2;BAX;TRP53;CCNE2;CDKN1A;CDKN1B;PIK3CB;MAPK3;AXIN1;CTNNA2;GADD45B;BCL2;CTNNA1;AKT1;RAF1;MTOR;JUP;PIK3R2;DVL2;SOS2;E2F3;GRB2;SHC2;SMAD2;DVL1;SHC4;PIK3R3;RPS6KB1;AKT3;CSNK1A1;APC2;AKT2;PIK3R1;GADD45G;NRAS;SMAD3;SMAD4;PIK3CA;SOS1;LRP6;FZD3;FGF9"
"99","Glioma",0.0432220039292731,0.118271119842829,0.307750047666508,0.193942415106308,1.64296692050779,52,"CALM2;CAMK4;CAMK2B;PRKCB;CAMK2D;MAPK1;CALM1;CAMK2A;CAMK1;PRKCA;CAMK1D;CCND1;TGFA;CAMK2G;HRAS;BRAF"
"100","Glucagon signaling pathway",0.00275421382607736,0.0120147588644824,0.431707695803346,0.262718946603009,2.16864681814087,50,"PPP3CA;CALM2;GNAS;CAMK2B;PLCB4;CAMK2D;LDHB;ITPR1;CALM1;ADCY2;FOXO1;PPP3R1;CAMK2A;PLCB1;PKM;CAMK2G;PPP3CB;G6PC3"
"101","Glutamatergic synapse",1.13540394656696e-14,3.41756587916654e-13,0.986546283587582,0.494525795805633,4.72046136972059,66,"PPP3CA;GNAS;GRM5;GNG2;GNG7;GRIN2B;ADCY5;PRKCB;DLGAP1;SLC17A7;PLCB4;GRIA2;GNG3;GRIN3A;SLC1A2;HOMER1;KCNJ3;MAPK1;ADCY1;ITPR1;ADCY2;GNB2;GNAO1;GRIA3;PPP3R1;PLCB1;GRIN1;GNG4;PRKCA;GRIK2;SLC38A1;GRM3;GRIA4;GNB5;PPP3CB;GRIA1;DLG4;GNAI1;GNAQ;GNB1;GRIK5"
"102","Glutathione metabolism",0.487329434697856,0.685449345065676,0.0791316651768349,0.168453011828424,0.96901860141709,24,"GPX1;GSTP1;GSTO1;TXNDC12;SRM;GPX4;MGST3;IDH1;GCLC;GSTM1;GSTA4;G6PDX;GSTM5;CHAC2;GGT7"
"103","Glycerolipid metabolism",0.662857142857143,0.803485714285714,0.0625237414724762,0.134379382687788,0.829351630395486,27,"DGKB;LPL;AGPAT4;DGAT2;AGPAT3;DGKG;AKR1A1;DGKH;DGKZ;LPIN2;AGPAT1;MGLL;DGKE;DGKI"
"104","Glycerophospholipid metabolism",0.758620689655172,0.882243533856437,0.0590954798717342,-0.0983943744903154,-0.781197631510874,48,"CHKA;DGKD;LCLAT1;CDIPT;MBOAT2;PLA2G12A;TAZ;CHKB;PISD"
"105","Glycine, serine and threonine metabolism",0.0907172995780591,0.218447257383966,0.216542836735348,-0.329973930082918,-1.45621622904926,14,"PSPH;GATM;ALAS1;GAMT;ALDH7A1;SRR;GRHPR;PSAT1;BPGM;PGAM2;DLD;PGAM1;MAOA"
"106","Glycolysis / Gluconeogenesis",0.357976653696498,0.570299823633157,0.096240602328129,0.15699339810965,1.07083913241274,34,"ALDOA;GAPDH;LDHB;TPI1;PKM;G6PC3;ENO1;PGK1;AKR1A1;HK1;ENO2;ALDOC;ADH5"
"107","Glycosaminoglycan biosynthesis",0.557651991614256,0.723505385671944,0.0758886900606117,-0.150276754041176,-0.899071907638044,27,"B4GALT3;EXT1;FUT8;ST3GAL2;EXTL2;CHPF;B4GALT7;EXT2;UST;GLCE;B3GALT6;CHST12;CHPF2"
"108","Glycosaminoglycan degradation",0.50314465408805,0.696172716682398,0.0813027345384498,-0.319407260219254,-0.966839484617499,6,"ARSB;HGSNAT;HEXB"
"109","Glycosphingolipid biosynthesis",0.506517690875233,0.696172716682398,0.0747385227439092,0.185976941449187,0.953231457623411,19,"FUT9;B3GALT5;GCNT2;ST3GAL5;B3GALT2;B3GALNT1;HEXA;ST8SIA1;B4GALT2;ST6GALNAC4"
"110","Glycosylphosphatidylinositol (GPI)-anchor biosynthesis",0.337552742616034,0.549207435283385,0.104732821580651,-0.247190792504562,-1.09088388778543,14,"PIGG;PIGF;DPM2;PIGS;PIGX"
"111","Glyoxylate and dicarboxylate metabolism",0.856531049250535,0.940933743884712,0.0559428593065705,-0.143280641202131,-0.666379036510757,16,"ACAT2;PCCB;MUT;CS;ACSS2;GRHPR;PCCA"
"112","GnRH signaling pathway",5.37376600175802e-08,5.57759850527298e-07,0.719512826338911,0.419044813728986,3.53396434445245,51,"CALM2;GNAS;CAMK2B;ADCY5;PRKCB;PLCB4;CAMK2D;MAPK1;ADCY1;ITPR1;CALM1;ADCY2;CAMK2A;PLCB1;EGR1;PTK2B;PRKCA;CDC42;CAMK2G;ELK1;HRAS;GNAQ;MAP2K4;ATF4;JUN;PRKACA;CALM3;HBEGF;MAP2K1;KRAS;MAPK8;SRC;MAP2K2;MAPK10;ADCY9;GNA11"
"113","Graft-versus-host disease",0.416826003824092,0.612022571468545,0.0865399737444125,0.46379840196681,1.01184472524801,3,"H2-D1;H2-DMA;H2-T23"
"114","HIF-1 signaling pathway",0.352140077821012,0.566813708150399,0.0972150808846466,0.124537670952708,1.08842902813861,56,"CAMK2B;PRKCB;ALDOA;GAPDH;CAMK2D;MAPK1;CAMK2A;RPS6;PRKCA;RBX1;CAMK2G;ENO1;PGK1;HK1;ENO2;MAP2K1;EGLN1;CREBBP;INSR;MAP2K2;EIF4E;TFRC;EP300;PDHA1;IFNGR2;PRKCG;PIK3CA"
"115","Hedgehog signaling pathway",0.802494802494803,0.904685151876163,0.057609110864425,-0.130182963199106,-0.725862060425949,23,"SMURF2;CSNK1E;BTRC;SPOPL;BCL2;ARRB1;PRKACB;SMURF1"
"116","Hematopoietic cell lineage",0.182879377431907,0.361806025092029,0.142056643575821,0.397278104940172,1.2763289234176,7,"CD4;MME;H2-DMA;KITL;TFRC"
"117","Hepatitis B",0.408477842003854,0.608672427936435,0.0880945010398517,0.100246051327634,1.01583009491051,75,"PRKCB;MAPK1;CYCS;PTK2B;PRKCA;YWHAZ;YWHAQ;ATP6AP1;ELK1;HRAS;BRAF;MAP2K4;VDAC3;ATF4;JUN;ARAF;NFKBIA;MAP2K1;KRAS;CREBBP;MAPK8;SRC;MAP2K2;MAPK10;EP300;YWHAB;CREB1;DDX3X;PRKCG;IRAK1;SOS1;PIK3CA;TAB2;MAPK14;SMAD4;SMAD3;NRAS;MAP3K7;JAK2;PIK3R1;JAK1;AKT2"
"118","Hepatitis C",0.504873294346979,0.696172716682398,0.077274697304471,0.103989164893765,0.94770619981576,62,"YWHAG;PPP2R2A;YWHAH;MAPK1;GSK3B;CYCS;YWHAZ;CD81;CCND1;YWHAQ;YWHAE;PPP2R2C;HRAS;BRAF"
"119","Hepatocellular carcinoma",0.286274509803922,0.489594474153298,0.110564716336619,0.106350857892851,1.13053375355625,84,"PRKCB;ACTB;MAPK1;GSK3B;GSTP1;PRKCA;CCND1;TGFA;ELK1;HRAS;BRAF;ARID1A;SMARCC2;GSTO1;ARAF;ACTL6B;DPF1;MAP2K1;ARID1B;KRAS;APC;PBRM1;CTNNB1;PTEN;SMARCA2;MAP2K2;ACTG1;SMARCC1;MGST3;FZD3;SMARCD3;LRP6;PRKCG;SOS1;PIK3CA;GSTM1;GSTA4;SMAD4;SMAD3;NRAS;GADD45G;GSTM5;ARID2;PIK3R1;SMARCB1;AKT2;APC2;CSNK1A1;SMARCD1;BAD;AKT3;RPS6KB1;PIK3R3;SHC4;DVL1"
"120","Herpes simplex virus 1 infection",0.00177223128795577,0.00820679411807212,0.45505986738723,-0.18392811336739,-2.21501118546844,118,"EIF2S1;IFNGR1;BAX;TRP53;EIF2B1;ZFP182;PTPN11;ZFP605;ZFP157;ZFP617;ZFP1;PIK3CB;D3ERTD254E;ZFP354C;ZFP597;ZFP26;BCL2L1;EIF2B2;TSC2;ZFP30;ZFP12;EIF2AK1;ZFP251;ALYREF;ZFP938;APAF1;NXF1;BCL2;ZFP948;ZFP933;ZFP688;GM14326;ZFP46;AKT1;IFNAR2;EIF2B4;SRSF9;MTOR;ZFP426;2610008E11RIK;ZFP788;EIF2B5;PIK3R2;ZFP354A;ZFP386;DAXX;HCFC1;ZFP160;TBK1;ZFP286;ZFP68;ZFP946;ZFP84;ZFP599;SRSF2;ZFP61;ZFP944;IFNAR1;ZFP763;ZFP90;ZFP40;CHUK;IKBKB;ZFP667;H2-T23;HCFC2;SRSF7;ZIK1;PIK3R3;ZFP266;SRSF4;EIF2B3;SRSF1;ZFP560;AKT3;SRSF5;BAD;ZFP334;ZFP949;ZFP81;ZFP9;AKT2;JAK1;EIF2AK4;PIK3R1;JAK2;MAP3K7;SRSF3;TSC1;PPP1CB;PPP1CC;SRPK1"
"121","Hippo signaling pathway",0.213592233009709,0.405923964348327,0.130105630751129,0.135235747836282,1.24672596950969,63,"YWHAG;ACTB;PPP2R2A;YWHAH;GSK3B;PPP1CA;PAK1;YWHAZ;CCND1;YWHAQ;YWHAE;PPP2R2C;ID2;DLG4;PARD3;SOX2;CCND2;DLG3;APC;BIRC2;CTNNB1;PRKCZ;PARD6A;MPP5;ACTG1;YWHAB;FZD3;BMPR2;DLG2;SMAD4;FBXW11;SMAD3;PPP1CC;PPP1CB"
"122","Histidine metabolism",0.0738396624472574,0.186770910896004,0.241339976815091,-0.434740782440211,-1.52256455709068,8,"ALDH9A1;ALDH1B1;ALDH2;ALDH7A1;HNMT;ALDH3A2;CNDP2"
"123","Homologous recombination",0.0122565112316188,0.0396689234485728,0.380730400722792,-0.414574101427868,-1.82956736761316,14,"BRCC3;RPA2;RAD50;POLD2;POLD3;TOP3B;MRE11A;BABAM1;RPA1;MUS81;UIMC1;NBN;RPA3;SSBP1"
"124","Human T-cell leukemia virus 1 infection",0.194117647058824,0.37696394686907,0.138022242496643,0.105375608892833,1.24419616929905,108,"PPP3CA;ADCY5;SLC25A5;SLC25A4;MAPK1;ADCY1;ADCY2;PPP3R1;EGR1;CD4;CCND1;H2-D1;RANBP1;RAN;PPP3CB;ELK1;HRAS;CANX;B2M;MAP2K4;ANAPC11;VDAC3;ATF4;JUN;CALR;CCND2;NFKBIA;TLN2;NRP1;VDAC2;PRKACA;VDAC1;MAP2K1;KRAS;CREBBP;MAPK8;XIAP;H2-DMA;PTEN;MAP2K2;FDPS;MAPK10;ADCY9"
"125","Human cytomegalovirus infection",2.19437209982033e-05,0.000140533191924664,0.575610261071129,0.236050621357125,2.7608588928728,104,"PPP3CA;CALM2;GNAS;GNG2;GNG7;ADCY5;PRKCB;PLCB4;GNG3;CX3CL1;MAPK1;ADCY1;ITPR1;CALM1;ADCY2;ROCK2;GSK3B;GNB2;GNAO1;PPP3R1;PLCB1;CYCS;PTK2B;RAC3;GNG4;PRKCA;CCND1;H2-D1;GNB5;PPP3CB;ELK1;HRAS;GNAI1;B2M;GNAQ;GNB1;ATF4;PDIA3;ARHGEF12;CALR;GNAI2;NFKBIA;RHEB;PRKACA;CALM3;MAP2K1;KRAS;ITGAV"
"126","Human immunodeficiency virus 1 infection",0.000138642523031417,0.000758752716953756,0.518848077743792,0.223612600926003,2.55566702035632,99,"PPP3CA;CALM2;GNG2;GNG7;PRKCB;GNG3;CFL1;MAPK1;ITPR1;CALM1;GNB2;GNAO1;PPP3R1;CYCS;SKP1A;PAK1;PTK2B;RAC3;GNG4;PRKCA;AP1S1;CD4;H2-D1;RBX1;PAK3;GNB5;PPP3CB;HRAS;GNAI1;B2M;GNAQ;GNB1;PDIA3;RNF7;AP1S2;JUN;CALR;GNAI2;CFL2;PAK7;NFKBIA"
"127","Human papillomavirus infection",0.37890625,0.589429838796927,0.0931454575337804,0.0817219746026703,1.04602822479075,128,"GNAS;PPP2R2A;MAPK1;GSK3B;FOXO1;ATP6V1D;ATP6V1G1;ATP6V1E1;ATP6V1F;ATP6V1A;ATP6V0A1;CDC42;CCND1;PKM;H2-D1;RELN;PPP2R2C;ATP6AP1;ATP6V1G2;HRAS;PARD3;CHD4;PPP2R3A;ATP6V0B;CCND2;ATP6V0E2;PSEN1;RHEB;PRKACA;MAP2K1;ATP6V1C1;ATP6V0D1;KRAS;ITGAV;CREBBP;DLG3;APC;MAGI1;PPP2R5B;CTNNB1;PTEN;PRKCZ;MAP2K2;PARD6A;MPP5;EP300;CREB1;HDAC2;PPP2R5A;FZD3;ATP6V1B2;SOS1;PIK3CA;PPP2R5D;DLG2;UBR4;NFX1;NRAS;TSC1;TNR;PIK3R1;PTK2;JAK1;AKT2;PPP2CA;APC2;CSNK1A1;BCAP31;BAD;ITGB8;TUBG1;AKT3;RPS6KB1;VEGFA;PIK3R3;PPP2R5E;DVL1;H2-T23;TUBG2;IKBKB;CHUK;ITGB1"
"128","Huntington disease",3.83221088161423e-26,2.30699095073177e-24,1.32671609800481,0.478817840727621,6.28267242468245,134,"NDUFA4;GRM5;COX6C;COX7C;COX7A2;ATP5H;GRIN2B;COX5B;SLC25A5;COX4I1;PLCB4;COX8A;COX6B1;COX6A1;ATP5C1;UQCRQ;COX7B;COX5A;UQCR11;ATP5B;NDUFB9;NDUFB10;ATP5J;UQCR10;NDUFAB1;NDUFA2;ATP5G3;NDUFB3;NDUFA7;SLC25A4;NDUFA6;ATP5O;NDUFB4;NDUFA5;SDHB;NDUFC1;UQCRB;NDUFA1;ATP5G1;ITPR1;NDUFB2;GPX1;NDUFC2;SOD1;NDUFB7;NDUFB6;PLCB1;NDUFA3;NDUFA11;CYCS;NDUFV2;NDUFA8;ATP5E;NDUFB8;GRIN1;NDUFS4;ATP5F1;NDUFS6;NDUFV3;ATP5D;UQCRH;ATP5A1;NDUFS5;NDUFS3;NDUFA12;NDUFA13;NDUFB5;HAP1;UQCRFS1;CLTA;NDUFS8;NDUFB11;DLG4;NDUFS7;UQCRC1;GNAQ;POLR2F;UQCRC2;POLR2G;VDAC3;POLR2J;CLTB;DCTN2;NDUFV1;DNAL4;POLR2I;VDAC2;CLTC;VDAC1;AP2S1;AP2A2"
"129","Hypertrophic cardiomyopathy (HCM)",0.00419838175959484,0.0162014475594621,0.407017918923954,0.296437429591534,2.0219754699287,34,"ACTB;ATP2A2;CACNA2D3;TPM1;CACNG4;CACNB4;CACNA2D1;CACNA2D2;RYR2;CACNG7;CACNG2;ITGAV;CACNB2;TPM3;ACTG1;CACNG5;CACNB1;CACNA1C;DAG1;SGCB;CACNA1D;EMD;DMD;CACNB3;CACNG3;PRKAA2;ITGB8"
"130","IL-17 signaling pathway",0.424761904761905,0.614679487179487,0.0852884689790502,0.164368293179301,1.01443472359368,27,"MAPK1;GSK3B;HSP90AA1;HSP90AB1;HSP90B1;JUN;NFKBIA;MAPK8;MAPK4;MAPK10;TAB2;MAPK14;USP25;MAP3K7;ELAVL1;MAPK6;SRSF1;IKBKB;CHUK;FOSB"
"131","Inflammatory bowel disease (IBD)",0.902542372881356,0.971465163934426,0.0530212512043078,-0.169062049797462,-0.615680160829494,9,"IFNGR1;STAT3"
"132","Inflammatory mediator regulation of TRP channels",1.98299424987987e-05,0.000129756797655183,0.575610261071129,0.378287283636708,2.8578781553126,41,"CALM2;GNAS;CAMK2B;ADCY5;PRKCB;PLCB4;CAMK2D;ADCY1;ITPR1;CALM1;ADCY2;PPP1CA;CAMK2A;PLCB1;PRKCE;PRKCA;CAMK2G;GNAQ;PRKCH;PRKACA;CALM3;ASIC4;MAPK8;SRC;MAPK10;ADCY9;PRKCG;PIK3CA;MAPK14;PPP1CC;PPP1CB;ADCY3"
"133","Influenza A",0.978557504873294,0.98987578637211,0.0454967810085007,0.0580096651445627,0.528671610767349,62,"PRKCB;ACTB;HSPA8;MAPK1;GSK3B;CYCS;PRKCA;IVNS1ABP;MAP2K4;JUN;NFKBIA;VDAC1;MAP2K1;CREBBP;DNAJC3;MAPK8;ADAR;H2-DMA;MAP2K2;FDPS;MAPK10;EP300;ACTG1;IFNGR2;PIK3CA;MAPK14"
"134","Inositol phosphate metabolism",0.374745417515275,0.587491513917176,0.096240602328129,0.141285244468233,1.05927567123232,42,"PLCB4;PLCB1;ITPKA;TPI1;SYNJ1;IMPAD1;PIP5K1C;PIK3C2A;MTMR2;PI4KA;INPP5F;INPP4A;PTEN;ITPK1;PIK3C2B;PIP4K2B;PIP5K1A;SACM1L;PIP4K2A;PIK3CA;IPPK;MTMR1;FIG4;ISYNA1;MTMR3;PIK3C3"
"135","Insulin resistance",0.399209486166008,0.597821170825713,0.0908241419007155,0.122195040802813,1.00867444033281,50,"PRKCB;GSK3B;FOXO1;PPP1CA;PRKCE;RPS6KA3;PDPK1;G6PC3;MGEA5;NFKBIA;MAPK8;SLC27A4;INSR;PTEN;PRKCZ;PTPRF;MAPK10;PPARGC1A;CREB1;PIK3CA;PPARGC1B;PTPN1;PPP1CC;PPP1CB;PIK3R1;AKT2;GFPT1;PRKAA2;OGT;AKT3;RPS6KB1;PIK3R3;MLX;IKBKB"
"136","Insulin secretion",2.67075590418826e-07,2.43605311260808e-06,0.674962860011025,0.410327444279271,3.20579239118295,46,"GNAS;CAMK2B;ADCY5;PRKCB;PLCB4;ATP1B1;CAMK2D;ATP1A3;ADCY1;ADCY2;CAMK2A;PLCB1;KCNMA1;ATP1A1;RAB3A;ATP1B2;PRKCA;CCK;CAMK2G;ADCYAP1R1;ATP1B3;RYR2;GNAQ;ATF4;PRKACA;VAMP2;STX1A;ADCY9;GNA11;CREB1;CACNA1C;PRKCG;RAPGEF4;SNAP25;FXYD2"
"137","Insulin signaling pathway",0.554474708171206,0.722497347010966,0.0723570851036907,0.0870946313095782,0.906757732102695,81,"CALM2;MAPK1;CALM1;GSK3B;FOXO1;PPP1CA;RPS6;PRKAR2B;PRKAR1B;PDPK1;G6PC3;ELK1;HRAS;BRAF;PRKAR1A;HK1;ARAF;RHEB;PRKACA;CALM3;MAP2K1;KRAS;MAPK8;INSR;PRKCZ;PTPRF;MAP2K2;MAPK10;EIF4E;PPARGC1A;FLOT1;RPTOR;SOS1;PIK3CA;RHOQ;PTPN1;PPP1CC;NRAS;PPP1CB;TSC1"
"138","Intestinal immune network for IgA production",0.534090909090909,0.708863214473721,0.0728938564822936,0.738109868501905,0.988752848180944,1,"H2-DMA"
"139","JAK-STAT signaling pathway",0.00862468169648103,0.0291688673105707,0.380730400722792,-0.242903848532568,-1.91595322656404,47,"IFNGR1;PTPN11;CDKN1A;STAT3;PIAS4;PIK3CB;SOCS5;PIAS1;SOCS4;BCL2L1;PIAS2;SOCS6;CSF2RA;PTPN2;MCL1;BCL2;SOCS2;AKT1;CRLF2;RAF1;IFNAR2;STAT5B;MTOR;PIK3R2;SOS2"
"140","Kaposi sarcoma-associated herpesvirus infection",0.0549019607843137,0.143699914748508,0.271288554688953,0.152533135063074,1.60897206932466,83,"UBB;PPP3CA;CALM2;GNG2;GNG7;GNG3;MAPK1;ITPR1;CALM1;GSK3B;GNB2;PPP3R1;GABARAPL2;CYCS;GNG4;CCND1;H2-D1;GNB5;PPP3CB;HRAS;GABARAP;GNB1;MAP2K4;JUN;NFKBIA;ATG3;CALM3;MAP2K1;KRAS;CREBBP;MAPK8;GABARAPL1;SRC;CTNNB1;MAP2K2;MAPK10"
"141","Legionellosis",0.423799582463466,0.614679487179487,0.0905428948469474,-0.190714826060651,-1.02191670802382,21,"SEC22B;EEF1A2;HBS1L;CLK1;ARF1;APAF1;HSPA2;BCL2L13;IL18;BNIP3;RAB1B"
"142","Leishmaniasis",0.106145251396648,0.238430751271575,0.186432558434075,0.277397839665903,1.42181253754279,19,"PRKCB;MAPK1;MARCKSL1;ELK1;JUN;NFKBIA;H2-DMA;IFNGR2;IRAK1;TAB2;MAPK14;MAP3K7;JAK2;JAK1"
"143","Leukocyte transendothelial migration",0.577603143418468,0.735414908579466,0.0707899094502623,0.119992707852462,0.891508023404724,40,"PRKCB;ACTB;ROCK2;ACTN1;MYL12B;PTK2B;PRKCA;CDC42"
"144","Linoleic acid metabolism",0.0970464135021097,0.226441631504923,0.208955027549354,-0.95121051984761,-1.26568353451864,1,"PLA2G12A"
"145","Long-term depression",0.000190229545403151,0.00102248380654194,0.518848077743792,0.355619126841408,2.54184927989226,37,"GNAS;PRKCB;PLCB4;GRIA2;MAPK1;ITPR1;GNAO1;GRIA3;PLCB1;PRKCA;GRIA1;HRAS;BRAF;GNAI1;GNAQ;GNAI2;ARAF;GRM1;CACNA1A;MAP2K1;KRAS;MAP2K2;GNA11;GNAZ;GNA13;PRKCG"
"146","Long-term potentiation",4.36388156360219e-11,7.37146416605799e-10,0.851339057116899,0.49361039845713,4.07456954991857,50,"PPP3CA;CALM2;CAMK4;GRM5;CAMK2B;GRIN2B;PRKCB;PLCB4;GRIA2;CAMK2D;MAPK1;ADCY1;ITPR1;CALM1;PPP1CA;PPP3R1;CAMK2A;PLCB1;GRIN1;PRKCA;PPP1R1A;RPS6KA3;CAMK2G;PPP3CB;GRIA1;HRAS;BRAF;GNAQ;ATF4;ARAF;GRM1;PRKACA;CALM3;MAP2K1;KRAS;CREBBP"
"147","Longevity regulating pathway",0.716269841269841,0.848807961504812,0.0607719451853533,0.0837233934414436,0.796610485945805,67,"CAMK4;ADCY5;HSPA8;CAMKK2;ADCY1;ADCY2;FOXO1;SOD1"
"148","Lysine degradation",0.271604938271605,0.469845324251454,0.117249716749792,-0.186715548177075,-1.16741070056081,30,"COLGALT1;ACAT2;ALDH9A1;HADHA;DLST;KMT2D;SETDB1;ALDH1B1;EHMT1;ALDH2;ALDH7A1;ECHS1;KMT2B;GCDH;EZH1;ALDH3A2"
"149","Lysosome",0.0865979381443299,0.213021939136589,0.219250346703755,-0.156281201906045,-1.49887728246957,73,"ABCA2;MAN2B1;ATP6V0A2;NPC1;CTSZ;GALC;GGA2;GGA1;ARSB;AP3M2;CD68;SUMF1;M6PR;GNPTAB;CD164;GGA3;TPP1;HGSNAT;AP4S1;PPT1;SLC11A2;HEXB;AP3S1;AP1B1;PLA2G15;GM2A;FUCA1;LAMP2;ASAH1;NPC2;ATP6V1H;AP1M1;CTSA;MCOLN1;GNPTG"
"150","MAPK signaling pathway",0.000895455260418993,0.0043472908610664,0.477270815362862,0.173168131703401,2.31021309378701,139,"PPP3CA;STMN1;PRKCB;PTPN5;HSPA8;CACNA2D3;MAPT;MAPK1;ERBB4;CACNG4;CACNB4;NTRK2;PPP3R1;RASGRP2;RASGRP1;PAK1;CACNA1E;RAC3;PRKCA;CACNA2D1;RASGRF2;CDC42;RPS6KA3;TGFA;TAOK1;MEF2C;CACNA2D2;RAPGEF2;PPP3CB;ELK1;HRAS;BRAF;DUSP8;MAP2K4;EFNA5;CACNG7;ATF4;NLK;CACNG2;JUN;ARAF;PDGFA;CACNA1B;PRKACA;CACNA1A;CACNA1I;MAP2K1;MAPKAPK5;KRAS;DUSP3;CACNB2;RASA2;MAPK8;FGFR1;NF1;MAPK8IP3;KITL;INSR;MRAS;PPM1B;MAP2K2;MAPK8IP2;MAPK10"
"151","Malaria",0.534591194968553,0.708863214473721,0.0780892306943345,-0.307713761828344,-0.931443495340729,6,"SDC2;HBA-A1;IL18;HBB-BS"
"152","Mannose type O-glycan biosynthesis",0.980263157894737,0.98987578637211,0.0508054139066364,-0.120225510901408,-0.493581475034679,12,"B4GALT3;POMGNT2;POMK;POMGNT1;FKTN"
"153","Measles",0.117647058823529,0.258480034349506,0.184706471207739,-0.166089882029953,-1.39221690887619,52,"EIF2S1;NFKBIB;BAX;TRP53;CCNE2;CSNK2A2;STAT3;CDKN1B;PIK3CB;BCL2L1;CDK4;EIF2AK1;RCHY1;MAPK9;RAB9B;APAF1;BCL2;HSPA2;AKT1;IFNAR2;FOS;STAT5B"
"154","Melanogenesis",4.39926759522596e-07,3.89464572400886e-06,0.674962860011025,0.426740162669394,3.28350070213499,44,"CALM2;GNAS;CAMK2B;ADCY5;PRKCB;PLCB4;CAMK2D;MAPK1;ADCY1;CALM1;ADCY2;GSK3B;GNAO1;CAMK2A;PLCB1;PRKCA;CAMK2G;HRAS;GNAI1;GNAQ;GNAI2;PRKACA;CALM3;MAP2K1;KRAS;CREBBP;KITL;CTNNB1;MAP2K2;ADCY9;EP300;CREB1;FZD3;PRKCG"
"155","Melanoma",0.792415169660679,0.900064022897601,0.0562940749700968,-0.110796815470298,-0.737023142340219,33,"BAX;TRP53;CDKN1A;MDM2;PIK3CB;MAPK3;IGF1R;CDK4;GADD45B"
"156","Metabolism of xenobiotics by cytochrome P450",0.043956043956044,0.119196119196119,0.294066672318865,0.39268690349997,1.65046611494548,12,"GSTP1;CBR3;CBR1;GSTO1;ADH5;EPHX1;MGST3;GSTM1;GSTA4;GSTM5"
"157","MicroRNAs in cancer",0.594541910331384,0.751920651301456,0.0689567351672811,0.0933548187818853,0.897928312723133,68,"STMN1;PRKCB;TPM1;ZEB2;PRKCE;PRKCA;CCND1;HRAS;RDX;SPRY2;ZEB1;CCND2;PDGFA;HNRNPK;DNMT3A;MAP2K1;MMP16;KRAS;CREBBP;APC;PTEN;MAP2K2;EP300;FZD3;BCL2L2;BMPR2;PRKCG;RPTOR;SLC7A1;SOS1;MARCKS;RPS6KA5;GLS;NRAS"
"158","Mineral absorption",0.105058365758755,0.237763669875077,0.191892240384838,0.268851822158114,1.3830798867024,20,"ATP2B1;ATP1B1;ATP1A3;ATP1A1;ATP1B2;ATP1B3;ATOX1;FTH1"
"159","Mismatch repair",0.0590717299578059,0.153280954459479,0.271288554688953,-0.354948578890212,-1.56643247825067,14,"RFC5;RPA2;MSH2;RFC3;POLD2;POLD3;RFC2;RFC1"
"160","Mitophagy",0.981854838709677,0.98987578637211,0.0468819856878333,-0.0629166584603421,-0.51994694690362,50,"TRP53;CSNK2A2;FUNDC1;USP8;AMBRA1;USP30;BCL2L1;TBC1D15;MAPK9;RHOT2;PGAM5;MFN1;HIF1A;TBC1D17;TFE3;NBR1;BCL2L13;TBK1;BNIP3"
"161","Morphine addiction",2.71228086915136e-14,7.42178674195054e-13,0.97599468306432,0.514495017646209,4.56911902913552,58,"PDE10A;GNAS;GNG2;PDE1B;GNG7;ADCY5;PRKCB;GABBR2;GNG3;GABRA1;GABRA3;PDE7B;PDE2A;GABRA4;KCNJ3;ADCY1;ADCY2;GNB2;GNAO1;PDE1A;GABBR1;GABRB3;GNG4;PRKCA;PDE8B;GNB5;GABRD;GNAI1;GABRB1;GNB1;PDE4B;PDE1C;GNAI2;ADORA1;GABRA2;CACNA1B;PRKACA;PDE4A;CACNA1A;GABRG1;KCNJ9;GABRG2;GABRG3"
"162","Mucin type O-glycan biosynthesis",0.894067796610169,0.971465163934426,0.053457214108991,-0.174464740462877,-0.635355359738887,9,"ST3GAL2;C1GALT1C1;GALNT11;GALNT18"
"163","N-Glycan biosynthesis",0.512875536480687,0.701706984003121,0.0815265143256594,-0.141877712301193,-0.951537230909496,35,"B4GALT3;DPM1;FUT8;DPM2;ALG14;MGAT4C;ST6GAL2;ALG11;ALG1;SRD5A3;RPN2;MGAT4B;MGAT4A;STT3A;MGAT2;MAN2A1;MGAT5B;ALG5;MGAT1;DOLK;RPN1;STT3B;MOGS;MAN1B1;DDOST"
"164","NF-kappa B signaling pathway",0.503131524008351,0.696172716682398,0.0810802057550866,-0.174576249684973,-0.952003741351821,22,"TAB3;CSNK2A2;PIAS4;PARP1;BCL2L1;GADD45B;BCL10;BCL2"
"165","NOD-like receptor signaling pathway",0.73921568627451,0.869155943627451,0.0587185879555941,0.0891602554489762,0.772304460221567,55,"PLCB4;MAPK1;ITPR1;PLCB1;GABARAPL2;TXN1;HSP90AA1;HSP90AB1;CTSB;GABARAP;VDAC3;JUN;NFKBIA;VDAC2;VDAC1;MAPK8;XIAP;BIRC2;GABARAPL1;MAPK10;TAB2;MAPK14;ATG5;MCU;MAP3K7;RBCK1;JAK1;TRP53BP1;TXN2;MFN2;SUGT1;NAMPT;IKBKB;CHUK;PANX1;TRPM7;IFNAR1;TANK"
"166","Natural killer cell mediated cytotoxicity",0.179133858267717,0.357081399593263,0.144630528034484,0.172516890468866,1.30332758731302,41,"PPP3CA;PRKCB;MAPK1;PPP3R1;PAK1;PTK2B;RAC3;PRKCA;H2-D1;PPP3CB;HRAS;BRAF"
"167","Necroptosis",0.162523900573614,0.328320094447367,0.150169802128406,0.13724325866001,1.31004591925024,66,"PPIA;CAMK2B;SLC25A5;CAMK2D;SLC25A4;CYLD;CAMK2A;CHMP2A;H2AFZ;HMGB1;HSP90AA1;HSP90AB1;CAMK2G;SQSTM1;CHMP5;CHMP3;FTH1;VDAC3;VDAC2;SMPD1;SPATA2L;VDAC1;MAPK8;XIAP;BIRC2"
"168","Neomycin, kanamycin and gentamicin biosynthesis",0.388257575757576,0.593226042147362,0.0899860794997137,0.803490229814428,1.07633468554895,1,"HK1"
"169","Neuroactive ligand-receptor interaction",2.07205836904785e-11,3.89805980677127e-10,0.863415391606693,0.456182537136315,4.12033498739039,61,"GRM5;GRIN2B;GABBR2;GRIA2;PENK;GABRA1;GRIN3A;GABRA3;GABRA4;HTR1B;GRIA3;ADORA2A;GRIN1;GABBR1;GABRB3;GRIK2;CCK;SST;GRM3;GRIA4;ADCYAP1R1;TAC1;HRH3;GRIA1;PARD3;GABRD;GABRB1;OPRL1;GRIK5;NPY;GLRB;PDYN;GPR83;ADORA1;GABRA2;GRM1;GABRG1;GLRA2;GABRG2;GABRG3;CHRM1;CNR1;ADRA2C;GRM4;OPRK1"
"170","Neurotrophin signaling pathway",0.122772277227723,0.265859391694565,0.178219874951973,0.139218354700108,1.41592068677935,77,"CALM2;CAMK4;CAMK2B;CAMK2D;MAPK1;CALM1;GSK3B;NTRK2;CAMK2A;SORT1;CDC42;RPS6KA3;YWHAE;CAMK2G;MAGED1;PDPK1;HRAS;BRAF;ARHGDIG;ATF4;KIDINS220;JUN;NFKBIA;PSEN1;CALM3;MAP2K1;KRAS;MAPK8;MAP2K2;ARHGDIB;MAPK10;NTRK3;PSEN2"
"171","Nicotinate and nicotinamide metabolism",0.469811320754717,0.67020477510507,0.0793434960134973,0.265878551587768,0.966063884723126,9,"NMNAT2;NT5E;NT5C2;NT5C;NT5M;NAMPT;NT5C3;NADK"
"172","Nicotine addiction",2.84785479435683e-09,3.57168455458919e-08,0.774939030136436,0.627731910441356,3.54781178592874,23,"GRIN2B;SLC17A7;GRIA2;GABRA1;GRIN3A;GABRA3;GABRA4;GRIA3;GRIN1;GABRB3;GRIA4;GRIA1;GABRD;GABRB1;GABRA2;CACNA1B;CACNA1A;GABRG1;GABRG2;GABRG3"
"173","Nitrogen metabolism",0.607966457023061,0.762491264849755,0.0714786287425507,-0.352839931153184,-0.887097605232704,4,"GLUD1;CAR2;GLUL;CAR12"
"174","Non-alcoholic fatty liver disease (NAFLD)",2.84553735015742e-17,1.07063342799673e-15,1.06720998682811,0.448970486844157,5.09671149318824,96,"NDUFA4;COX6C;COX7C;COX7A2;COX5B;COX4I1;COX8A;COX6B1;COX6A1;UQCRQ;COX7B;COX5A;UQCR11;NDUFB9;NDUFB10;UQCR10;NDUFAB1;NDUFA2;NDUFB3;NDUFA7;NDUFA6;NDUFB4;NDUFA5;SDHB;NDUFC1;UQCRB;NDUFA1;NDUFB2;GSK3B;NDUFC2;NDUFB7;NDUFB6;NDUFA3;NDUFA11;CYCS;NDUFV2;NDUFA8;NDUFB8;NDUFS4;NDUFS6;NDUFV3;UQCRH;NDUFS5;NDUFS3;NDUFA12;NDUFA13;NDUFB5;CDC42;UQCRFS1"
"175","Non-homologous end-joining",0.10062893081761,0.231216092947333,0.204294756516886,-0.480570585341859,-1.45467769497572,6,"RAD50;LIG4;MRE11A;XRCC5;PRKDC;XRCC4"
"176","Non-small cell lung cancer",0.849094567404427,0.940512766972915,0.053457214108991,0.0889336508868428,0.691298180166128,45,"PRKCB;MAPK1;RARB;PRKCA;CCND1;TGFA;PDPK1;HRAS;BRAF;RXRG"
"177","Notch signaling pathway",0.331941544885177,0.543013070708904,0.105125131597001,-0.204271093225503,-1.094555926486,21,"KAT2A;NUMBL;CIR1;NUMB;DTX3;HDAC1;RFNG;NCSTN;NCOR2;DVL2;APH1B"
"178","Nucleotide excision repair",0.0021575609426278,0.00969292304076073,0.431707695803346,-0.323885134158463,-2.17959747859526,34,"DDB1;XPC;RFC5;RPA2;RAD23B;RFC3;ERCC3;POLD2;POLD3;XPA;CUL4A;POLE4;RFC2;CUL4B;POLE3;RFC1;GTF2H1;CETN2;GTF2H2;GTF2H4;CDK7;RPA1;GTF2H3"
"179","Olfactory transduction",9.31623980242234e-08,9.34729393509708e-07,0.704975715167238,0.544351006815117,3.35958080755916,27,"CALM2;NCALD;PDE1B;CAMK2B;GNAL;GNG7;CAMK2D;RGS2;PDE2A;CALM1;PDE1A;CAMK2A;CAMK2G;SLC8A2;SLC24A4;GNB1;ANO2;PDE1C;PRKACA;CALM3"
"180","One carbon pool by folate",0.665970772442589,0.803485714285714,0.0667426134241917,-0.385248924400738,-0.855980706200215,3,"GART;MTHFD1;ATIC"
"181","Oocyte meiosis",9.68561372467141e-05,0.000550069760589829,0.538434096309916,0.262035394230006,2.55056042025518,70,"PPP3CA;CALM2;CAMK2B;ADCY5;YWHAG;CAMK2D;YWHAH;MAPK1;ADCY1;ITPR1;CALM1;ADCY2;PPP1CA;PPP3R1;CAMK2A;SKP1A;YWHAZ;RPS6KA3;YWHAQ;RBX1;YWHAE;CAMK2G;CPEB3;PPP3CB;SLK;CPEB1;ANAPC11;CPEB2;CPEB4;PRKACA;CALM3;AR;MAP2K1"
"182","Osteoclast differentiation",0.939637826961771,0.986594327505492,0.0487989701682839,0.074268704169515,0.57730476061315,45,"PPP3CA;CAMK4;CYLD;MAPK1;PPP3R1;SIRPA;SQSTM1;PPP3CB"
"183","Other glycan degradation",0.390295358649789,0.593327792694881,0.0959206777921745,-0.295694956949569,-1.03559334515341,8,"MAN2B1;HEXB;FUCA1;HEXDC;GBA2;FUCA2;NEU1;HEXA"
"184","Other types of O-glycan biosynthesis",0.0352811221321053,0.102402950866638,0.321775918075361,-0.463002354932669,-1.68613455645951,9,"COLGALT1;B4GALT3;ST6GAL2;GXYLT1;RFNG;POFUT2"
"185","Ovarian steroidogenesis",0.133699633699634,0.277541998231653,0.163180127180689,0.320336939059374,1.34637865070255,12,"GNAS;ADCY5;ADCY1;ADCY2"
"186","Oxidative phosphorylation",1.26573438930011e-35,1.26995350393111e-33,1.54987806027287,0.624734792959445,7.13316199579279,98,"NDUFA4;COX6C;COX7C;COX7A2;ATP5H;COX5B;COX4I1;COX8A;COX6B1;COX6A1;ATP5C1;UQCRQ;COX7B;ATP5J2;ATP5K;COX5A;UQCR11;ATP5B;NDUFB9;NDUFB10;ATP5J;UQCR10;NDUFAB1;NDUFA2;ATP5G3;NDUFB3;NDUFA7;NDUFA6;ATP5O;NDUFB4;NDUFA5;SDHB;NDUFC1;UQCRB;NDUFA1;ATP5G1;NDUFB2;NDUFC2;NDUFB7;NDUFB6;COX17;ATP6V1D;NDUFA3;NDUFA11;NDUFV2;NDUFA8;ATP6V1G1;ATP5E;NDUFB8;NDUFS4;ATP5F1;ATP6V1E1;ATP6V1F;NDUFS6;ATP6V1A;NDUFV3;ATP5D;UQCRH;ATP6V0A1;ATP5A1;NDUFS5;NDUFS3;NDUFA12;NDUFA13;NDUFB5;UQCRFS1;NDUFS8;ATP6AP1;ATP6V1G2;NDUFB11;NDUFS7"
"187","Oxytocin signaling pathway",4.40818455113102e-11,7.37146416605799e-10,0.851339057116899,0.360071342860345,4.02644778521366,94,"PPP3CA;CALM2;CAMK4;GNAS;CAMK2B;ADCY5;PRKCB;PLCB4;ACTB;CAMKK2;CAMK2D;RGS2;CACNA2D3;KCNJ3;MAPK1;ADCY1;ITPR1;CALM1;ADCY2;CACNG4;ROCK2;MYL6;CACNB4;GNAO1;PPP1CA;PPP3R1;CAMK2A;CAMK1;PLCB1;KCNJ4;PRKCA;CACNA2D1;CAMK1D;RYR3;CCND1;MEF2C;CACNA2D2;CAMK2G;PPP3CB;ELK1;HRAS;KCNJ2;GNAI1;RYR2;GNAQ"
"188","PI3K-Akt signaling pathway",0.119140625,0.259864696557971,0.179782316298324,0.107793642162838,1.37974140619502,128,"GNG2;GNG7;YWHAG;GNG3;PPP2R2A;YWHAH;MAPK1;ERBB4;GSK3B;GNB2;NTRK2;RPS6;GNG4;HSP90AA1;PRKCA;YWHAZ;CCND1;TGFA;YWHAQ;HSP90AB1;RELN;YWHAE;HSP90B1;PPP2R2C;GNB5;PDPK1;G6PC3;HRAS"
"189","PPAR signaling pathway",0.00691319893487813,0.0247722961833133,0.407017918923954,0.33989397666208,1.86969291248965,22,"LPL;SCD2;UBC;FABP3;FABP5;PDPK1;ACSL4;RXRG;ACSL3;SCP2;RXRB"
"190","Pancreatic cancer",0.548514851485149,0.720973669419344,0.0738052724171275,-0.116294936771501,-0.903335567435076,45,"BAX;TRP53;CDKN1A;STAT3;PIK3CB;MAPK3;BCL2L1;CDK4;MAPK9;GADD45B;AKT1;RAF1;RALGDS;MTOR;PIK3R2;E2F3;RAC1;RALBP1;RALA;SMAD2;CHUK;IKBKB;PIK3R3;VEGFA;RPS6KB1;AKT3;BAD;AKT2;JAK1;PIK3R1;GADD45G"
"191","Pancreatic secretion",1.02019217398657e-07,9.90573691515991e-07,0.704975715167238,0.457632426473991,3.40006478121465,40,"ATP2B1;GNAS;ADCY5;PRKCB;PLCB4;ATP1B1;ATP2B2;SLC4A4;ATP2A2;ATP2B4;ATP1A3;ADCY1;ITPR1;ADCY2;PLCB1;KCNMA1;ATP1A1;ATP1B2;PRKCA;CCK;ATP1B3;RYR2;GNAQ"
"192","Pantothenate and CoA biosynthesis",0.649590163934426,0.794951401652509,0.0670512579829467,-0.259698536098652,-0.851469942829783,7,"COASY;PANK1;AASDHPPT;PANK2;PANK4"
"193","Parathyroid hormone synthesis, secretion and action",4.67856458486685e-06,3.36854962889324e-05,0.610526878385931,0.349806112555151,2.99079792885573,53,"GNAS;ADCY5;PRKCB;PLCB4;NACA;MAPK1;ADCY1;ITPR1;ADCY2;PLCB1;EGR1;PRKCA;MEF2C;BRAF;GNAI1;RXRG;GNAQ;MMP17;ATF4;RXRB;PDE4B;MEF2A;GNAI2;ARAF;PRKACA;PDE4A;HBEGF;MAP2K1;MMP16;FGFR1;MEF2D;ADCY9;GNA11;CREB1;GNA13;LRP6;PRKCG"
"194","Parkinson disease",1.23472806966859e-35,1.26995350393111e-33,1.54987806027287,0.601762971374872,6.94890575116959,103,"UBB;NDUFA4;COX6C;COX7C;GNAL;COX7A2;ATP5H;ADCY5;COX5B;SLC25A5;COX4I1;COX8A;COX6B1;COX6A1;ATP5C1;UQCRQ;COX7B;COX5A;UQCR11;ATP5B;NDUFB9;NDUFB10;ATP5J;UQCR10;NDUFAB1;NDUFA2;ATP5G3;NDUFB3;NDUFA7;SLC25A4;NDUFA6;ATP5O;NDUFB4;NDUFA5;SDHB;NDUFC1;UQCRB;SNCA;NDUFA1;ATP5G1;NDUFB2;UCHL1;NDUFC2;NDUFB7;NDUFB6;ADORA2A;NDUFA3;NDUFA11;CYCS;NDUFV2;NDUFA8;ATP5E;NDUFB8;NDUFS4;ATP5F1;NDUFS6;NDUFV3;ATP5D;PARK7;UQCRH;ATP5A1;NDUFS5;NDUFS3;NDUFA12;NDUFA13;NDUFB5;UQCRFS1;NDUFS8;NDUFB11;NDUFS7;UQCRC1;LRRK2;GNAI1;UBE2L3;UQCRC2"
"195","Pathways in cancer",0.00711880580391556,0.0252089476115128,0.407017918923954,0.120679667883507,1.88569845168306,195,"CALM2;GNAS;GNG2;CAMK2B;GNG7;ADCY5;PRKCB;PLCB4;GNG3;CAMK2D;MAPK1;ADCY1;CALM1;ADCY2;RARB;BCR;ROCK2;GSK3B;GNB2;FOXO1;CAMK2A;PLCB1;RASGRP2;CYCS;RASGRP1;SKP1A;GSTP1;RAC3;GNG4;HSP90AA1;PRKCA;CDC42;CCND1;TGFA;HSP90AB1;RBX1;CAMK2G;RUNX1T1;HSP90B1;GNB5;ELK1;HRAS;BRAF;GNAI1;RXRG;GNAQ;GNB1;RXRB;ARHGEF12;GSTO1;JUN;GNAI2;CCND2;ARAF;NFKBIA;PDGFA;PRKACA;CALM3;AR;MAP2K1;EGLN1;KRAS;ITGAV;CREBBP;APC;NCOA1;MAPK8;FGFR1;XIAP;BIRC2;DAPK1;KITL;CTNNB1;PTEN;MAP2K2;MAPK10;ADCY9;GNA11;TPM3;EP300;HDAC2;MGST3;ARNT2;FGF9;FZD3;GNA13;IFNGR2"
"196","Pentose and glucuronate interconversions",0.842887473460722,0.939663442635842,0.0562940749700968,-0.253099929674328,-0.700342111224727,5,"RPE;DHDH;UGP2;AKR1B3"
"197","Pentose phosphate pathway",0.421841541755889,0.614679487179487,0.0922597260527354,-0.21395311585144,-1.02329421557583,17,"PFKP;RPE;PRPS1;IDNK;PFKM;RPIA;ALDOART1;PGM2;PGLS;PGD;GPI1"
"198","Peroxisome",0.29,0.49316384180791,0.11101149245045,-0.13767583922423,-1.11823194086163,49,"HMGCL;ACAA1A;PEX5;PEX14;PEX7;PEX6;SLC25A17;ACOX1;DECR2;PXMP4;HSD17B4;HMGCLL1;MLYCD;PEX2;IDH2;PEX1;ACSL6;GNPAT;PEX3;ACOT8;ECH1;AGPS;ACSL1;PEX16;ECI2;PEX10;PEX26;PEX11B;ACSL5;ABCD3;PEX13;NUDT19;ABCD2;PEX19;FAR1;MPV17L;MPV17;PMVK;IDH1"
"199","Pertussis",0.0353817504655493,0.102402950866638,0.332263053752429,0.316804482581872,1.62379269365315,19,"CALM2;CFL1;MAPK1;CALM1;GNAI1;JUN;GNAI2;CFL2;CALM3;MAPK8;MAPK10;IRAK1;MAPK14"
"200","Phagosome",0.000401186448393821,0.00204673086383966,0.49849310876659,0.261391136603873,2.40974094067362,63,"TUBA1B;TUBA1A;TUBB2A;ACTB;ATP6V1D;ATP6V1G1;ATP6V1E1;ATP6V1F;ATP6V1A;ATP6V0A1;TUBB4B;H2-D1;CTSL;ATP6AP1;ATP6V1G2;LAMP1;CANX;SEC61B;TUBB5;TUBB4A;TUBB2B;TUBB3;DYNC1H1;DYNC1I1;CALR;ATP6V0B;ATP6V0E2;STX12;ATP6V1C1;ATP6V0D1;ITGAV;H2-DMA"
"201","Phenylalanine metabolism",0.911487758945386,0.974658913330929,0.0471642455670861,0.219830670087291,0.604124337960381,5,"MIF"
"202","Phenylalanine, tyrosine and tryptophan biosynthesis",0.66734693877551,0.803485714285714,0.0655321029282414,-0.452220702492948,-0.838647693869252,2,"GOT2"
"203","Phosphatidylinositol signaling system",0.0113490216406546,0.0375390715806266,0.380730400722792,0.213983129874074,1.93273986826897,61,"CALM2;DGKB;PRKCB;PLCB4;ITPR1;CALM1;PLCB1;CDS2;ITPKA;PRKCA;SYNJ1;IMPAD1;DGKG;PIP5K1C;CDS1;PIK3C2A;DGKH;DGKZ;CALM3;MTMR2;IP6K2;PI4KA;INPP5F;INPP4A;PTEN;ITPK1;IP6K1;PIK3C2B;PIP4K2B;PIP5K1A;SACM1L;PIP4K2A;PRKCG;PIK3CA;DGKE;DGKI;IPPK"
"204","Phospholipase D signaling pathway",0.0235232045293455,0.0729946862199277,0.352487857583619,0.177007724689296,1.75874736208839,73,"GNAS;DGKB;GRM5;ADCY5;PLCB4;MAPK1;ADCY1;ADCY2;AGPAT4;PLCB1;PTK2B;DNM1;PRKCA;GRM3;HRAS;DNM3;AGPAT3;DGKG;PIP5K1C;GRM1;DGKH;DGKZ;PDGFA;RHEB;MAP2K1;KRAS;KITL;INSR;MRAS;AGPAT1;MAP2K2;GRM4;ADCY9;PIP5K1A;GNA13;RAPGEF4;SOS1;PIK3CA;DGKE;DGKI;NRAS;TSC1;ADCY3"
"205","Phosphonate and phosphinate metabolism",0.0870488322717622,0.213021939136589,0.222056046145248,-0.513232652242413,-1.42014436623281,5,"PCYT1A;PCYT2;CEPT1;PCYT1B"
"206","Phototransduction",0.000720094671841248,0.00355325403646255,0.477270815362862,0.776220336899053,2.13315820287642,5,"CALM2;RGS9;CALM1;GNB1;CALM3"
"207","Platelet activation",0.00835017496990127,0.0288896858154055,0.380730400722792,0.220217592435697,1.87363336833719,54,"GNAS;ADCY5;PLCB4;ACTB;MAPK1;ADCY1;ITPR1;ADCY2;ROCK2;PPP1CA;PLCB1;RASGRP2;RASGRP1;MYL12B"
"208","Porphyrin and chlorophyll metabolism",0.232758620689655,0.435157421289355,0.131457611642763,-0.268127539086544,-1.21133636131536,15,"UROD;COX10;BLVRB;FECH;ALAS1;MMAB;COX15;HCCS;CPOX;ALAD;BLVRA;HMBS;EPRS;HMOX2;UROS"
"209","Primary bile acid biosynthesis",0.942857142857143,0.986594327505492,0.0461379160269737,0.240349475041183,0.597842399884896,4,"SCP2;CYP46A1"
"210","Primary immunodeficiency",0.796875,0.901726973684211,0.0550211117163117,0.420772621775796,0.760377215378766,2,"CD4"
"211","Prion diseases",0.0097293514932323,0.032539275549588,0.380730400722792,0.400282931634943,1.87631199217735,16,"MAPK1;PRNP;SOD1;EGR1;NCAM1;STIP1;ELK1;PRKACA;MAP2K1;HSPA5;MAP2K2"
"212","Progesterone-mediated oocyte maturation",0.12573673870334,0.269434689802382,0.175204047558551,0.161710095203192,1.36991352296699,52,"ADCY5;MAPK1;ADCY1;ADCY2;HSP90AA1;RPS6KA3;HSP90AB1;CPEB3;BRAF;CPEB1;GNAI1;ANAPC11;CPEB2;GNAI2;CPEB4;ARAF;PRKACA;MAP2K1;KRAS;ANAPC13;MAPK8"
"213","Prolactin signaling pathway",0.86815415821501,0.950234187718975,0.052805004567129,-0.0940600735161622,-0.680587736129185,40,"STAT3;PIK3CB;MAPK3;SOCS5;SOCS4;SOCS6;MAPK9;GALT;SOCS2;AKT1;RAF1;FOS;STAT5B;PIK3R2;SOS2;GRB2;SHC2;SHC4;PIK3R3;FOXO3;AKT3;AKT2;PIK3R1;JAK2;NRAS;MAPK14;PIK3CA;SOS1;MAPK10;MAP2K2;SRC;MAPK8;KRAS;MAP2K1;SOCS7;CCND2"
"214","Propanoate metabolism",0.0918580375782881,0.21943864532591,0.213927855492356,-0.274434882765736,-1.47051803866405,21,"ACAT2;HADHA;PCCB;MUT;BCKDHA;ECHDC1;MLYCD;DBT;ECHS1;ACSS2;LDHA;PCCA"
"215","Prostate cancer",0.0894941634241245,0.217239864440818,0.208955027549354,0.168337340423316,1.47122751240437,56,"MAPK1;GSK3B;FOXO1;GSTP1;HSP90AA1;CCND1;TGFA;HSP90AB1;HSP90B1;PDPK1;HRAS;BRAF;ATF4;ZEB1;ARAF;NFKBIA;PDGFA;AR;MAP2K1;KRAS;CREBBP;FGFR1;CTNNB1;PTEN;MAP2K2"
"216","Proteasome",8.00120002382874e-06,5.4735481981192e-05,0.593325476396405,0.389850612389187,2.85295164490728,39,"PSMA2;PSMA7;PSMB6;PSMA5;PSMB1;POMP;PSMB2;PSMD14;PSMB5;PSMB3;PSMA4;PSMB10;PSMA6;PSMB4;PSMA1;PSMD4;PSMA3;PSME1;PSMD12;PSMB7;PSMD6;ADRM1;PSMC4;PSMC5;PSMD8;PSMC6"
"217","Protein digestion and absorption",0.0953271028037383,0.224167640186916,0.197822021315103,0.300235003686123,1.40734089157077,16,"ATP1B1;ATP1A3;ATP1A1;ATP1B2;SLC8A2;ATP1B3;MME;SLC36A1"
"218","Protein export",0.79047619047619,0.900064022897601,0.0542315935495841,0.121954513115351,0.735737966544666,26,"SRP14;SRP19;SEC61B;SEC11C;ARXES2;SPCS1;IMMP1L;SRP9;SEC62;HSPA5;SPCS3;SRP54B;SEC61G;SRPRB;IMMP2L;SRP72;SRP54C;SRPR;SEC61A1;SPCS2;ARXES1"
"219","Protein processing in endoplasmic reticulum",0.694045174537988,0.825721729391045,0.0639271933359996,-0.0643949895304395,-0.80125796948659,130,"SEC24C;EIF2S1;BAX;MAP2K7;EDEM3;CRYAB;DNAJB2;SEC63;UBE2D3;HYOU1;SEC24B;DNAJB12;RAD23B;DNAJB11;PREB;UGGT2;SEC31A;RRBP1;SEC61A2;ATXN3;P4HB;SEC23B;EIF2AK1;MAPK9;XBP1;PLAA;UBQLN4;CAPN2;DERL1;BCL2;DDIT3;DNAJC1;HSPA2;LMAN1;UBE2D2A;RPN2;TXNDC5;SYVN1;LMAN2;FBXO2;UBE2G1;PRKCSH;MBTPS2;SEC23A;ATF6B;RNF185;SEC61A1;SIL1;UBE2J2;DERL2;UBXN6;STT3A;PPP1R15A;UBE2D1;CUL1;DNAJB1;FBXO6;DNAJC10;PDIA4;SSR3;NGLY1;UBQLN1;UBE2G2;VCP;SSR2;BCAP31;RPN1;STT3B;MOGS;EIF2AK4;HERPUD1;SVIP;RAD23A;SAR1A;MAP3K5;MAN1B1;SEC61G;DDOST;UGGT1;ERO1L;UBE2J1;AMFR;WFS1;SSR4;TUSC3;SAR1B;ERLEC1;GANAB;PDIA6;UBQLN2;MAPK10;STUB1;HSPA4L;HSPA5;SEC62;NSFL1C;BAG1;OS9;UBE4B;MAPK8;DNAJC3;MBTPS1;RNF5;MAN1A2;SEC13;HSPBP1;CALR;DNAJA2;PDIA3;TRAM1;DAD1;ATF4;SSR1;HSPH1;SEL1L;MAN1A;ERP29;SEC61B;CANX;MARCH6;DNAJA1;HSP90B1;RBX1;HSP90AB1;ATF6"
"220","Proteoglycans in cancer",0.0170951364718258,0.0536003758127037,0.352487857583619,0.159549301735699,1.75327400384848,91,"CAMK2B;PRKCB;ANK3;ACTB;CAMK2D;MAPK1;ITPR1;ERBB4;ROCK2;PPP1CA;CAMK2A;RPS6;PAK1;PRKCA;CDC42;CCND1;CAMK2G;CTSL;PDPK1;DDX5;ELK1;HRAS;ANK2;BRAF;RDX;CD63;ARHGEF12;ARAF;PRKACA;HBEGF;MAP2K1;KRAS;ITGAV;FGFR1;SRC;MRAS;CTNNB1;MAP2K2;TIAM1;GPC1;ACTG1;FZD3;PPP1R12A;PRKCG;SOS1;PIK3CA;MAPK14;NUDT16L1;PPP1CC;NRAS;PPP1CB"
"221","Proximal tubule bicarbonate reclamation",0.00343008687579305,0.0143396687446348,0.431707695803346,0.491192734485124,2.06448689006296,12,"ATP1B1;SLC4A4;MDH1;ATP1A3;ATP1A1;ATP1B2;ATP1B3"
"222","Purine metabolism",0.12621359223301,0.269434689802382,0.173747838999571,0.146433706291677,1.34995892259493,63,"PDE10A;PDE1B;ADCY5;PDE7B;PDE2A;ADCY1;ADCY2;PDE1A;NME1;PKM;PDE8B;HPRT;GDA;GMPR;NT5E;PDE4B;PDE1C;GUK1;ITPA;PDE4A;GMPS;NT5C2;DGUOK;NT5C;APRT;ADCY9;ATIC;ADCY3;IMPDH2;ENPP4;PDE4D;AK1;PAICS;NT5M;ADK;NUDT2;PDE6D;NUDT16;DCK;AK5;NT5C3;ADSS;GMPR2;PAPSS1;NUDT9;PPAT;PDE7A"
"223","Pyrimidine metabolism",0.474012474012474,0.673008276781862,0.0840745577910723,-0.175283910596843,-0.977331728966325,23,"NT5C3B;TK2;RRM2B;DHODH;DTYMK;CMPK2;UCK1;ENTPD6;CANT1;UMPS;CTPS;NT5C3;DCK;NUDT2;NT5M;DCTPP1"
"224","Pyruvate metabolism",0.758620689655172,0.882243533856437,0.0619762736001998,-0.133209662425025,-0.760725153315885,25,"PDHB;ACAT2;ALDH9A1;ALDH1B1;ALDH2;ALDH7A1;ACSS2;LDHA;DLAT;GRHPR;ALDH3A2;GLO1;ACYP1"
"225","RIG-I-like receptor signaling pathway",0.759139784946237,0.882243533856437,0.0618406035753285,-0.154686204626528,-0.779244794160852,19,"NFKBIB;SIKE1;MAPK9;ATG12;TBK1;AZI2;TANK;CHUK;IKBKB;MAP3K7;ATG5;MAPK14;DDX3X;MAPK10;OTUD5;MAPK8;PIN1;NFKBIA"
"226","RNA degradation",0.00729730322678737,0.0255405612937558,0.407017918923954,-0.227884896763445,-1.99316656291586,57,"PNPT1;EDC3;CNOT3;EXOSC4;PFKP;DCPS;BTG1;EXOSC10;DIS3L;CNOT4;CNOT10;SKIV2L;ZCCHC7;XRN1;MPHOSPH6;EXOSC3;EXOSC8;PAN3;CNOT8;PFKM;EXOSC9;PABPC4;EDC4;PARN;CNOT6L;TOB1;LSM2;EXOSC5;LSM5;TOB2;EXOSC2;DIS3;CNOT1;CNOT2;HSPA9;CNOT7;NUDT16;DCP1B;PFKL;DHX36;LSM1;EXOSC1;WDR61;CNOT6;DCP2;XRN2;EXOSC7"
"227","RNA polymerase",0.574642126789366,0.735414908579466,0.0730744399126987,-0.157588678899633,-0.89626392274212,24,"POLR3H;POLR1C;POLR3C;POLR1A;POLR3A;POLR2H;POLR3F;POLR3E;POLR3D;TWISTNB;POLR2D"
"228","RNA transport",0.0312700403834066,0.0925594519078935,0.321775918075361,-0.13933939373508,-1.69414940796386,122,"NUP133;EIF2S1;NUP54;EIF2B1;MAGOHB;EIF5;NUP93;POP1;GEMIN6;FMR1;TRNT1;ACIN1;EEF1A2;EIF3D;NUPL1;TGS1;TPR;EIF3J2;ELAC2;EIF2B2;CASC3;NUP50;NUP107;EIF4B;FXR2;ALYREF;NUP214;NUP35;NMD3;SENP2;NXF1;RPP38;NUP88;EIF2S3Y;SNUPN;NUP62;XPO1;SEH1L;EIF3C;RPP25L;XPOT;PABPC4;EIF3J1;EIF2B4;EIF4E2;EIF2B5;CYFIP1;PRMT5;THOC3;NXT1;UPF3A;DDX39B;POP4;NDC1;NUP85;DDX20;FXR1;NUP153"
"229","Rap1 signaling pathway",2.5681218129213e-05,0.000161042638685273,0.575610261071129,0.248311408087676,2.81029170834622,95,"CALM2;GNAS;GRIN2B;ADCY5;PRKCB;PLCB4;ACTB;MAPK1;ADCY1;CALM1;ADCY2;GNAO1;ADORA2A;PLCB1;RASGRP2;GRIN1;RAC3;RAP1GAP;SIPA1L1;PRKCA;CDC42;PFN1;RAPGEF2;RGS14;HRAS;PARD3;BRAF;GNAI1;GNAQ;EFNA5;DOCK4;GNAI2;PDGFA;TLN2;CALM3;MAP2K1;KRAS;FGFR1;MAGI1;KITL;SRC;INSR;MRAS;CTNNB1;PRKCZ;MAP2K2;CNR1;TIAM1;PARD6A;ADCY9;ACTG1;FGF9;PRKCG;RAPGEF4;MAGI3;PIK3CA;MAPK14"
"230","Ras signaling pathway",0.0926640926640927,0.219621195999149,0.204294756516886,0.124077107544684,1.46179125017939,105,"CALM2;GNG2;GNG7;GRIN2B;PRKCB;GNG3;MAPK1;CALM1;GNB2;NTRK2;RASGRP2;RASGRP1;GRIN1;PAK1;RAC3;GNG4;PRKCA;RASGRF2;CDC42;TGFA;PAK3;GNB5;ELK1;HRAS;GNB1;EFNA5;PAK7;PDGFA;PRKACA;CALM3;MAP2K1;KRAS;RASA2;MAPK8;FGFR1;NF1;KITL;INSR;MRAS;MAP2K2;RASAL2;TIAM1;MAPK10"
"231","Regulation of actin cytoskeleton",5.59407039487076e-05,0.000323810613241558,0.557332238758646,0.235589279724788,2.67440873026038,96,"TMSB4X;BAIAP2;ARPC2;ACTB;ARPC1A;CFL1;MAPK1;ROCK2;PPP1CA;ACTN1;CYFIP2;MYL12B;PAK1;MYH10;RAC3;NCKAP1;WASF1;ABI2;CDC42;ARPC3;PFN1;PAK3;HRAS;ARPC5L;BRAF;RDX;BRK1;PIP5K1C;ARHGEF12;ARAF;CFL2;PAK7;PDGFA;IQGAP2;MAP2K1;KRAS;ITGAV;APC;FGFR1;ARHGEF7;SRC;MRAS;CHRM1;MAP2K2;TIAM1;PIP4K2B;GIT1;ACTG1;PIP5K1A;FGF9;GNA13;PPP1R12A;PIP4K2A;SPATA13;SOS1;PIK3CA;ARHGEF4;PPP1CC;NRAS;PPP1CB;CHRM4;SLC9A1;PIK3R1;PTK2;ACTN4"
"232","Regulation of lipolysis in adipocytes",0.358095238095238,0.570299823633157,0.0949751525905595,0.17430104180535,1.07573684526261,27,"GNAS;ADCY5;ADCY1;ADCY2;GNAI1;NPY;GNAI2;ADORA1;PRKACA;INSR;ADCY9;MGLL;PIK3CA;NPY1R;ADCY3;PIK3R1;AKT2"
"233","Relaxin signaling pathway",0.0120515564289022,0.0394295487510821,0.380730400722792,0.191530674773174,1.82237410158605,67,"GNAS;GNG2;GNG7;ADCY5;PLCB4;GNG3;MAPK1;ADCY1;ADCY2;GNB2;GNAO1;PLCB1;GNG4;PRKCA;GNB5;HRAS;GNAI1;GNB1;MAP2K4;ATF4;JUN;GNAI2;NFKBIA;PRKACA;MAP2K1;KRAS;MAPK8;SRC;PRKCZ;MAP2K2;MAPK10;ADCY9"
"234","Renal cell carcinoma",0.947261663286004,0.986594327505492,0.0487989701682839,-0.0705937503472074,-0.591738712154915,52,"PTPN11;CDKN1A;CUL2;PIK3CB;MAPK3;SLC2A1;PAK6;VHL;EGLN2;RAP1B;HIF1A;FLCN;AKT1;RAF1;TFE3;RAP1A;PIK3R2;CRK;SOS2"
"235","Renin secretion",1.39446615906109e-08,1.67893725550955e-07,0.747739663149885,0.535308450387933,3.47349473156019,31,"PPP3CA;CALM2;GNAS;PDE1B;ADCY5;PLCB4;ITPR1;CALM1;PDE1A;PPP3R1;PLCB1;KCNMA1;ADCYAP1R1;CTSB;PPP3CB;KCNJ2;GNAI1;GNAQ;PDE1C;GNAI2;ADORA1;PRKACA;CALM3"
"236","Renin-angiotensin system",0.968553459119497,0.98987578637211,0.0492917662312669,-0.184772186925231,-0.559301769959171,6,"THOP1;NLN;CTSA"
"237","Retinol metabolism",0.943396226415094,0.986594327505492,0.0504983044100709,-0.236046225719203,-0.593459025103412,4,"DGAT1;RDH10;RDH11;ADH5"
"238","Retrograde endocannabinoid signaling",1.22056552667468e-25,6.1231703921513e-24,1.31101476274061,0.518638639686327,5.98902092274132,103,"NDUFA4;GRM5;GNG2;GNG7;ADCY5;PRKCB;SLC17A7;PLCB4;GRIA2;GNG3;GABRA1;GABRA3;NDUFB9;NDUFB10;NDUFAB1;NDUFA2;NDUFB3;NDUFA7;NDUFA6;NDUFB4;NDUFA5;NDUFC1;GABRA4;KCNJ3;MAPK1;NDUFA1;ADCY1;ITPR1;ADCY2;NDUFB2;GNB2;GNAO1;NDUFC2;NDUFB7;GRIA3;NDUFB6;PLCB1;NDUFA3;NDUFA11;NDUFV2;NDUFA8;NDUFB8;NDUFS4;NDUFS6;NDUFV3;GABRB3;GNG4;NDUFS5;PRKCA;NDUFS3;NDUFA12;NDUFA13;NDUFB5;GRIA4;GNB5;NDUFS8;NDUFB11;GRIA1;NDUFS7;FAAH;GABRD;GNAI1;GNAQ;GABRB1;GNB1;NDUFV1;GNAI2;GABRA2;GRM1;CACNA1B;PRKACA;CACNA1A;GABRG1;KCNJ9;GABRG2;GABRG3;MAPK8"
"239","Rheumatoid arthritis",0.000339384819907215,0.0017612901860702,0.49849310876659,0.4260679589053,2.34371980000152,22,"ATP6V1D;ATP6V1G1;ATP6V1E1;ATP6V1F;ATP6V1A;ATP6V0A1;CTSL;ATP6AP1;ATP6V1G2;JUN;ATP6V0B;ATP6V0E2;ATP6V1C1;ATP6V0D1;H2-DMA"
"240","Riboflavin metabolism",0.492569002123142,0.689596602972399,0.083129129135339,-0.348456903971474,-0.964200361936991,5,"BLVRB;FLAD1;ACP2;ACP1;RFK"
"241","Ribosome",1.83012482510411e-34,1.37716893089085e-32,1.52970525162309,0.551541822707091,7.0596472553332,128,"RPLP2;RPL21;MT-RNR2;RPS26;RPL11;RPS23;RPS17;MT-RNR1;RPS13;RPL31;RPL22L1;RPL41;RPS25;RPL23A;RPLP1;RPS27;RPS27A;RPL3;RPS29;RPL37;RPS14;RPS9;RPL27;RPL34;RPL13A;FAU;RPL19;RPL26;RPL14;MRPL33;RPL35A;RPL10;RPS28;RPL32;RPS24;RPL38;RPS21;RPL37A;RPL8;RPL36;RPS3A1;RPS15A;RPL27A;RPS6;RPS5;RPS3;RPL17;RPL23;RPS15;RPS11;RPL39;RPS7;RPL7A;RPS16;RPL6;RPL9;RPL13;RPS4X;RPL35;RPL18A;RPS10;RPL4;RPS19;RPS8;RPL7;RPL36A;RPS2;RPS18;RPS20;MRPL20;MRPS21;RPL30;RPL15;RPL36AL;RPL28;RPL29;MRPL27;RPL5;RPS12;RPL12;MRPS14;RPL10A;MRPS18A;RPL18;MRPL30;RPL22;RPLP0;MRPL21;MRPL34"
"242","Ribosome biogenesis in eukaryotes",0.00428967671308151,0.0163442112738929,0.407017918923954,-0.223479343152625,-2.05728538233341,65,"REXO2;RBM28;UTP14A;RIOK2;DKC1;POP1;NOP58;RCL1;CSNK2A2;GNL2;BMS1;NVL;GAR1;FBLL1;NAT10;RRP7A;XRN1;UTP6;FCF1;NMD3;NXF1;RPP38;XPO1;RPP25L;TBL3;WDR75;WDR36;SPATA5;RIOK1;WDR43;DROSHA;NXT1;MPHOSPH10;POP4;EMG1;REXO1;NOB1;RPP30;TCOF1;MDN1;NOL6"
"243","SNARE interactions in vesicular transport",0.276073619631902,0.474846625766871,0.115734447701689,-0.205274757435352,-1.16747193150925,24,"SEC22B;STX4A;GOSR1;VAMP4;SNAP29;VTI1A;BET1;BET1L;STX5A;STX6;YKT6;STX8;BNIP1;STX16;GOSR2;STX18;STX17"
"244","Salivary secretion",1.57098240711023e-08,1.81871424823146e-07,0.73376198835648,0.48726604492547,3.53742425004804,38,"ATP2B1;CALM2;GNAS;ADCY5;PRKCB;PLCB4;ATP1B1;ATP2B2;ATP2B4;ATP1A3;ADCY1;ITPR1;CALM1;ADCY2;PLCB1;KCNMA1;ATP1A1;ATP1B2;PRKCA;RYR3;ATP1B3;GNAQ;CST3"
"245","Salmonella infection",0.3203125,0.52881116168703,0.103197466945307,0.152996897099976,1.11964105063746,39,"ARPC2;ACTB;ARPC1A;MAPK1;ROCK2;WASF1;CDC42;ARPC3;PFN1;ARPC5L;DYNC1H1;DYNC1I1;JUN;MAPK8;KLC1;MAPK10;ACTG1;IFNGR2;PLEKHM2;MAPK14"
"246","Selenocompound metabolism",0.0859538784067086,0.213021939136589,0.222056046145248,-0.573518564052127,-1.44191997505595,4,"MARS;PSTK;TXNRD1;PAPSS1"
"247","Serotonergic synapse",1.30048929372961e-09,1.84891389807019e-08,0.788186810800237,0.460023049358212,3.79731852293718,50,"GNAS;GNG2;GNG7;ADCY5;PRKCB;PLCB4;GNG3;KCNJ3;MAPK1;ITPR1;HTR1B;KCND2;GNB2;GNAO1;PLCB1;APP;GABRB3;GNG4;PRKCA;GNB5;HRAS;BRAF;GNAI1;GNAQ;GABRB1;GNB1;GNAI2;ARAF;CACNA1B;PRKACA;CACNA1A;MAP2K1;KCNJ9;KRAS"
"248","Signaling pathways regulating pluripotency of stem cells",0.766871165644172,0.884399313635616,0.0589694466690997,-0.0830040160081261,-0.743549477224343,62,"SMAD1;WNT2;STAT3;BMPR1A;PIK3CB;PCGF3;MAPK3;AXIN1;IGF1R;SETDB1;ISL1;SMAD5;PCGF6;BMI1;AKT1;KAT6A;RAF1;PIK3R2;DVL2;JARID2;PCGF2;GRB2;IL6ST;SMAD2;SMARCAD1;DVL1;PIK3R3;AKT3;ID3;APC2;AKT2;JAK1;ACVR2A;PIK3R1;JAK2;ZFHX3;RIF1;NRAS;SMAD3;SMAD4;DLX5;ACVR1B;PCGF5;MAPK14;PIK3CA;BMPR2"
"249","Small cell lung cancer",0.598765432098765,0.754093703187148,0.0713052987340038,-0.129370484449217,-0.899664099829451,37,"BAX;TRP53;CCNE2;CDKN1A;CDKN1B;PIK3CB;BCL2L1;CDK4;GADD45B;APAF1;BCL2;ZBTB17;AKT1;PIK3R2;E2F3;LAMB1;MAX;ITGB1;CHUK;IKBKB;PIK3R3;AKT3;AKT2;PTK2;PIK3R1;GADD45G"
"250","Sphingolipid metabolism",0.789674952198853,0.900064022897601,0.0544555953940371,0.140894286560119,0.748692446543982,21,"SMPD3;B4GALT6;UGCG;SMPD1;ACER2;CERK;CERS4;NEU1;CERS6;CERS5;KDSR;SGPP1;DEGS1;SMPD4;GBA2;SPTLC1"
"251","Sphingolipid signaling pathway",0.183908045977011,0.361806025092029,0.140406238523342,0.13175616498692,1.30057090088042,72,"PRKCB;PLCB4;PPP2R2A;MAPK1;ROCK2;PLCB1;PRKCE;RAC3;PRKCA;PPP2R2C;CTSD;PDPK1;HRAS;GNAI1;GNAQ;PPP2R3A;GNAI2;ADORA1;SMPD1;ACER2;MAP2K1;KRAS;MAPK8;PPP2R5B;PTEN;PRKCZ;MAP2K2;CERS4;MAPK10;PPP2R5A;GNA13;CERS6;PRKCG;PIK3CA;MAPK14;PPP2R5D"
"252","Spliceosome",0.349075975359343,0.564902519264313,0.100990587455923,-0.091170423350126,-1.10216431653654,120,"TRA2B;XAB2;SMNDC1;PRPF31;MAGOHB;PRPF6;PPIH;PPIL1;SRSF10;RP9;SNRPA1;EFTUD2;PUF60;PLRG1;ACIN1;TCERG1;SF3A1;RBMX;CRNKL1;RBM22;PRPF8;PRPF4;SNRPB2;SF3B4;ISY1;ALYREF;SART1;U2SURP;PRPF3;U2AF2;SF3B3;HSPA2;CTNNBL1;SNRNP200;DDX46;PPIE;SRSF9;DHX16;TRA2A;THOC3;SLU7;PRPF38B;PRPF19;DHX8;AQR;DDX39B;CDC5L"
"253","Staphylococcus aureus infection",0.16015625,0.325723184121622,0.153158808683073,0.738200589970502,1.33400055028252,2,"KRT10;H2-DMA"
"254","Starch and sucrose metabolism",0.318181818181818,0.52881116168703,0.101713902282311,0.322010153924005,1.11174467673059,8,"PGM2L1;G6PC3;GAA;HK1"
"255","Steroid biosynthesis",0.292452830188679,0.494541021835913,0.106729884364606,0.310348792006112,1.12764552775737,9,"SQLE;DHCR24;CYP51;LSS;SC5D;DHCR7"
"256","Steroid hormone biosynthesis",0.928721174004193,0.984313638645289,0.051218434854034,-0.245020899926236,-0.616022831787031,4,"SRD5A3;HSD17B7;HSD17B12;COMT"
"257","Sulfur metabolism",0.951781970649895,0.987884045398684,0.0500922874402106,-0.232508996115427,-0.584565848244396,4,"BPNT1;PAPSS1;ETHE1"
"258","Sulfur relay system",0.379958246346555,0.589429838796927,0.096887770327544,-0.481935636865572,-1.07080793912387,3,"URM1;NFS1"
"259","Synaptic vesicle cycle",2.23883474169261e-09,2.92995329238903e-08,0.774939030136436,0.454104733730248,3.70374496112219,48,"SYT1;SLC17A7;CPLX2;SLC1A2;ATP6V1D;ATP6V1G1;ATP6V1E1;ATP6V1F;ATP6V1A;RAB3A;ATP6V0A1;DNM1;SLC6A1;CLTA;STXBP1;ATP6V1G2;DNM3;UNC13C;UNC13A;CLTB;ATP6V0B;ATP6V0E2;CACNA1B;STX1B;CLTC;CACNA1A;AP2S1;AP2A2;ATP6V1C1;ATP6V0D1;VAMP2;STX1A;CPLX1;NSF;RIMS1"
"260","Synthesis and degradation of ketone bodies",0.547131147540984,0.720973669419344,0.0756946307932749,-0.279700511161206,-0.917050137538797,7,"HMGCL;ACAT2;HMGCLL1"
"261","Systemic lupus erythematosus",0.000204378003193817,0.00107925928002349,0.518848077743792,0.459303121752601,2.36283654131996,20,"GRIN2B;H3F3B;HIST1H2BC;ACTN1;H2AFZ;H3F3A;SNRPD1;SSB;SNRPD3;SNRPB;TROVE2;HIST3H2BA;H2-DMA;H2AFJ"
"262","T cell receptor signaling pathway",0.39463601532567,0.593927203065134,0.0897104652742981,0.121288516278937,1.02287220334987,51,"PPP3CA;MAPK1;GSK3B;PPP3R1;RASGRP1;PAK1;CD4;CDC42;PAK3;PDPK1;PPP3CB;HRAS"
"263","TGF-beta signaling pathway",0.921775898520085,0.980404754256344,0.0519512476197082,-0.0905403956267612,-0.619748868076469,36,"SMAD1;SMURF2;PPP2CB;RHOA;BMPR1A;MAPK3;BMP2;SMAD5;ZFYVE9;SMURF1;PPP2R1A;E2F4;NEO1;SMAD7;ROCK1;CUL1;SMAD2;ZFYVE16;E2F5;RPS6KB1;ID3;PPP2CA;ACVR2A;SMAD3;SMAD4;ACVR1B;BMPR2"
"264","TNF signaling pathway",0.773279352226721,0.88838582068795,0.0580983576873206,-0.102344442716782,-0.744450585243311,41,"DNM1L;MAP2K7;CREB3;TAB3;PIK3CB;MAPK3;ATF2;MAPK9;PGAM5;AKT1;FOS;PIK3R2;RPS6KA4;ATF6B;ITCH;CHUK;IKBKB;DAB2IP;PIK3R3;AKT3;AKT2;PIK3R1;MAP3K5;MAP3K7;BAG4;RPS6KA5;MAPK14;TAB2;PIK3CA;CREB1;JUNB;MAPK10;BIRC2;MAPK8;MAP2K1;NFKBIA;JUN;ATF4;MAP2K4"
"265","Taste transduction",3.88958003269465e-05,0.000234152717968218,0.557332238758646,0.496779262702622,2.55562860188006,20,"PDE1B;GABBR2;GABRA1;GABRA3;GABRA4;HTR1B;PDE1A;GABBR1;SCN3A;PDE1C;GABRA2;GRM1;PRKACA;CACNA1A"
"266","Taurine and hypotaurine metabolism",0.579047619047619,0.735414908579466,0.069119845655101,0.300059344043974,0.894123971267732,6,"GAD1;CDO1;ADO"
"267","Terpenoid backbone biosynthesis",0.629310344827586,0.78273724707894,0.0711327399327894,-0.186803960737467,-0.843935803274508,15,"HMGCR;ACAT2;DHDDS;RCE1;GGPS1;PCYOX1;FNTB"
"268","Th1 and Th2 cell differentiation",0.825278810408922,0.923453241386935,0.0511147954416412,0.117982101228799,0.701064434037133,25,"PPP3CA;MAPK1;PPP3R1;CD4;PPP3CB;JUN;NFKBIA;MAPK8;H2-DMA;MAPK10;IFNGR2;MAPK14"
"269","Th17 cell differentiation",0.554263565891473,0.722497347010966,0.0721797965581253,0.129478342641072,0.925468871505955,37,"PPP3CA;MAPK1;PPP3R1;HSP90AA1;CD4;HSP90AB1;PPP3CB;RXRG;RORA;RXRB;JUN;NFKBIA;MAPK8;H2-DMA;MAPK10;IFNGR2;MAPK14;SMAD4;SMAD3"
"270","Thermogenesis",2.30672694123265e-20,9.91892584730041e-19,1.16906996676109,0.381356386001304,5.43955050126827,158,"GNAS;NDUFA4;COX6C;COX7C;COX7A2;ATP5H;ADCY5;COX5B;COX4I1;COX8A;COX6B1;COX6A1;ATP5C1;ACTB;UQCRQ;COX7B;ATP5J2;ATP5K;COX5A;UQCR11;ATP5B;NDUFB9;NDUFB10;ATP5J;UQCR10;NDUFAB1;NDUFA2;ATP5G3;NDUFB3;NDUFA7;NDUFA6;ATP5O;NDUFB4;NDUFA5;SDHB;NDUFC1;UQCRB;NDUFA1;ADCY1;ATP5G1;ADCY2;NDUFB2;NDUFC2;NDUFB7;NDUFB6;COX17;RPS6;NDUFA3;NDUFA11;NDUFV2;NDUFA8;ATP5E;NDUFB8;NDUFS4;ATP5F1;COX14;NDUFS6;NDUFV3;ATP5D;UQCRH;ATP5A1;NDUFS5;NDUFS3;NDUFA12;NDUFA13;NDUFB5;RPS6KA3;UQCRFS1;NDUFS8;NDUFB11;ACSL4;HRAS;NDUFS7;COA3;UQCRC1;COA6;ARID1A;UQCRC2;SMARCC2;ACSL3"
"271","Thiamine metabolism",0.368972746331237,0.581470139506295,0.0988903007520636,-0.359075258239056,-1.08691373319578,6,"NFS1;AK2;NTPCR;AK5;AK1;ACP1"
"272","Thyroid cancer",0.265774378585086,0.465105162523901,0.11378726182188,0.217397169190299,1.15521801803773,21,"MAPK1;CCND1;HRAS;BRAF;RXRG;RXRB;MAP2K1;KRAS;CTNNB1;MAP2K2;TPM3"
"273","Thyroid hormone signaling pathway",0.0447470817120623,0.120257782101167,0.30068212900741,0.162203983369578,1.68873458543531,81,"PRKCB;PLCB4;ATP1B1;ACTB;ATP2A2;MAPK1;ATP1A3;GSK3B;FOXO1;PLCB1;ATP1A1;ATP1B2;PRKCA;CCND1;MED13L;ATP1B3;PDPK1;HRAS;NCOR1;RXRG;RXRB;RHEB;NCOA2;PRKACA;RCAN2;MAP2K1;KRAS;ITGAV;CREBBP;NCOA1;MED1;SRC;CTNNB1;MAP2K2;EP300;ACTG1;HDAC2;MED30;PRKCG;FXYD2;PIK3CA;MED13"
"274","Thyroid hormone synthesis",1.62873959533065e-05,0.000108944581821006,0.575610261071129,0.409813347652041,2.79530333717835,34,"GNAS;ADCY5;PRKCB;PLCB4;ATP1B1;ATP1A3;ADCY1;ITPR1;ADCY2;GPX1;PLCB1;ATP1A1;ATP1B2;PRKCA;HSP90B1;ATP1B3;CANX;GNAQ;ATF4"
"275","Tight junction",0.214424951267057,0.405923964348327,0.130105630751129,0.118657093191216,1.24074589677233,82,"TUBA1B;TUBA1A;ACTB;PPP2R2A;NEDD4L;ROCK2;MYL6;ACTN1;PRKCE;MYL12B;MYH10;ARHGEF2;CDC42;CCND1;PPP2R2C;RAPGEF2;PARD3;MPDZ;RDX;JUN;SYNPO;PRKACA;ACTR2;ACTR3B;DLG3;MAPK8;MAGI1;SRC;PRKCZ;TIAM1;MAPK10;PARD6A;ACTR3;MPP5"
"276","Toll-like receptor signaling pathway",0.647302904564315,0.794951401652509,0.0678338263479455,-0.131219090392034,-0.834353617485963,31,"MAP2K7;PIK3CB;MAPK3;MAPK9;AKT1;IFNAR2;FOS;PIK3R2;TBK1;RAC1;IFNAR1;CHUK;IKBKB;PIK3R3;AKT3;AKT2;PIK3R1;MAP3K7;MAPK14;TAB2;PIK3CA;IRAK1;MAPK10;MAP2K2;TOLLIP;MAPK8;MAP2K1;NFKBIA;JUN"
"277","Toxoplasmosis",0.577821011673152,0.735414908579466,0.0702812841717392,0.122765016086866,0.891241960087,38,"HSPA8;MAPK1;GNAO1;CYCS;PDPK1;GNAI1;GNAI2;NFKBIA;MAPK8;XIAP;BIRC2;H2-DMA;MAPK10;IFNGR2;IRAK1;TAB2;MAPK14;MAP3K7;JAK2;JAK1;AKT2;BAD;AKT3;IKBKB;CHUK;ITGB1"
"278","Transcriptional misregulation in cancer",0.236893203883495,0.437347871442055,0.122679189568808,0.131195801266766,1.2094820722101,63,"BCL11B;CDK14;FOXO1;H3F3B;GRIA3;H3F3A;MEF2C;RUNX1T1;PBX1;DDX5;ID2;KMT2A;NCOR1;RXRG;BAIAP3;RXRB;ZEB1;CCND2;FUS;LMO2;PDGFA"
"279","Tryptophan metabolism",0.0387931034482759,0.109128262971318,0.341793380897475,-0.380526776405827,-1.7191293452543,15,"ACAT2;ALDH9A1;HADHA;DLST;ALDH1B1;DDC;ALDH2;ALDH7A1;ECHS1;GCDH;ALDH3A2"
"280","Tuberculosis",0.235867446393762,0.437347871442055,0.123257226381337,0.132932075403826,1.21147767792234,62,"PPP3CA;CALM2;CAMK2B;CAMK2D;MAPK1;CALM1;PPP3R1;CAMK2A;CYCS;ATP6V0A1;CAMK2G;CTSD;PPP3CB;ATP6AP1;LAMP1"
"281","Type I diabetes mellitus",0.0313075506445672,0.0925594519078935,0.352171384439073,0.439583754878242,1.6913933315556,10,"CPE;H2-D1;GAD1;PTPRN;HSPD1;PTPRN2;H2-DMA"
"282","Type II diabetes mellitus",0.524163568773234,0.707503292380016,0.0728938564822936,0.156050393798151,0.927271000176664,25,"MAPK1;PRKCE;CACNA1E;PKM;HK1;CACNA1B;CACNA1A;MAPK8;INSR;PRKCZ;MAPK10;CACNA1C;PIK3CA"
"283","Tyrosine metabolism",0.99811320754717,0.99811320754717,0.0431036828790402,0.117726953612939,0.427758303423704,9,"MIF;ADH5;COMT;MAOA;GOT1"
"284","Ubiquinone and other terpenoid-quinone biosynthesis",0.24203821656051,0.441536382937657,0.127505315300183,-0.44288700356572,-1.22549389685852,5,"COQ5;COQ2;COQ3;VKORC1;COQ7"
"285","Ubiquitin mediated proteolysis",0.0144406146134018,0.0457539473540414,0.380730400722792,-0.161342330180942,-1.79369650667225,99,"CBL;FANCL;PPIL2;SMURF2;ANAPC10;DDB1;UBE2A;CDC34;UBE2D3;TRIM32;CUL2;MDM2;PIAS4;UBE2N;BTRC;CDC27;ANAPC5;UBE2E2;WWP1;UBE2M;PIAS1;UBE3A;PIAS2;RCHY1;VHL;UBA1;ANAPC7;CUL4A;CUL4B;HERC4;UBE2D2A;UBA2;SMURF1;UBE2H;SYVN1;FBXO2;ANAPC2;UBE2G1;PRPF19;ANAPC4;UBA3;KEAP1;TRIP12;UBE2Q1;SAE1;CDC23;UBE2J2;FZR1;UBR5;KLHL9;SIAH1A;UBE2D1;UBE2F;CUL1;ITCH;UBE2E3;MGRN1;NEDD4;UBE2G2"
"286","VEGF signaling pathway",0.268482490272374,0.467128494635748,0.114266502484433,0.170914145135069,1.1657914096851,34,"PPP3CA;PRKCB;MAPK1;PPP3R1;RAC3;PRKCA;CDC42;PPP3CB;HRAS;MAP2K1;KRAS;SRC;MAP2K2;PRKCG;PIK3CA;MAPK14;NRAS;PIK3R1;PTK2;AKT2;BAD;AKT3;VEGFA;PIK3R3"
"287","Valine, leucine and isoleucine degradation",0.0419161676646707,0.116821911732091,0.315324831550005,-0.252766764568854,-1.68141073649945,33,"HMGCL;ACAT2;ALDH9A1;HADHA;ACAA1A;HADHB;IVD;ALDH1B1;PCCB;HMGCLL1;MUT;BCKDHA;DBT;ALDH2;ALDH7A1;ECHS1;PCCA;ALDH3A2;ACAD8;HIBADH;MCCC2;BCKDHB"
"288","Vascular smooth muscle contraction",1.05155762067694e-06,8.79219010621556e-06,0.643551836150722,0.372837276361051,3.04806746927498,49,"CALM2;GNAS;ADCY5;PRKCB;PLCB4;MAPK1;ADCY1;ITPR1;CALM1;ADCY2;ROCK2;MYL6;PPP1CA;ADORA2A;RAMP1;PLCB1;KCNMA1;PRKCE;PRKCA;BRAF;GNAQ;ARHGEF12;PRKCH;ARAF;PRKACA;CALM3;MAP2K1;MAP2K2;ADCY9;GNA11;GNA13;PPP1R12A;CACNA1C;PRKCG;PPP1CC;KCNMB4;PPP1CB;ADCY3;CACNA1D"
"289","Vasopressin-regulated water reabsorption",0.961685823754789,0.98987578637211,0.0454967810085007,0.083464897356929,0.548957843002148,32,"GNAS;DYNLL1;DCTN6;ARHGDIG;DYNC1H1;DCTN2;DYNC1I1;PRKACA;VAMP2;NSF;ARHGDIB;ADCY9;CREB1"
"290","Viral carcinogenesis",0.519038076152305,0.70481859730294,0.077274697304471,-0.0887280482337983,-0.955869564851223,91,"KAT2A;BAX;TRP53;RBL2;DDB1;HDAC3;CREB3;TBPL1;CCNE2;CDKN1A;STAT3;RHOA;MDM2;CDKN1B;POLB;PIK3CB;MAPK3;ATF2;UBE3A;SND1;CDK4;HDAC1"
"291","Viral myocarditis",0.141527001862197,0.291778270962475,0.159646701919906,0.261708385233638,1.34139567832763,19,"ACTB;CYCS;RAC3;CCND1;H2-D1;H2-DMA;EIF4G3;ABL2;ACTG1;DAG1;EIF4G2;SGCB;DMD;EIF4G1"
"292","Vitamin B6 metabolism",0.112526539278132,0.249047708255277,0.193813302725311,-0.500307389647117,-1.3843794187444,5,"PHOSPHO2;PDXK;PNPO;PSAT1;PDXP"
"293","Vitamin digestion and absorption",0.883673469387755,0.96371635610766,0.0522693317499306,-0.37476879069626,-0.695012369665866,2,"SCARB1"
"294","Wnt signaling pathway",0.0048485068491831,0.0182425070200514,0.407017918923954,0.201969444205337,1.95701498616623,69,"PPP3CA;CAMK2B;PRKCB;PLCB4;CAMK2D;ROCK2;GSK3B;PPP3R1;CAMK2A;PLCB1;SKP1A;RAC3;PRKCA;CCND1;RBX1;CAMK2G;CACYBP;PPP3CB;NLK;JUN;CCND2;PRICKLE2;PSEN1;PRKACA;CREBBP;APC;MAPK8;DAAM1;CTNNB1;MAPK10;EP300;CSNK2B;FZD3;LRP6;TBL1X;PRKCG;TBL1XR1;SMAD4;FBXW11;SMAD3"
"295","alpha-Linolenic acid metabolism",0.00366864127964905,0.01492244628614,0.431707695803346,-0.883220651505839,-1.96241907276597,3,"ACAA1A;PLA2G12A;ACOX1"
"296","beta-Alanine metabolism",0.129310344827586,0.272184711839884,0.181383128498408,-0.30850479677704,-1.3937511948581,15,"ALDH9A1;HADHA;ALDH1B1;SMS;MLYCD;ALDH2;ALDH7A1;ECHS1;GAD2;ALDH3A2"
"297","cAMP signaling pathway",3.09623391377238e-10,4.90508635813414e-09,0.814035837847908,0.337794767911573,3.89477101196219,100,"PPP1R1B;ATP2B1;CALM2;PDE10A;CAMK4;GNAS;CAMK2B;GRIN2B;ADCY5;GABBR2;GRIA2;ATP1B1;ATP2B2;ATP2A2;GRIN3A;ATP2B4;CAMK2D;MAPK1;ATP1A3;ADCY1;CALM1;ADCY2;HTR1B;ROCK2;PPP1CA;GRIA3;ADORA2A;CAMK2A;GRIN1;GABBR1;PAK1;RAC3;ATP1A1;ATP1B2;SST;CAMK2G;GRIA4;ADCYAP1R1;ATP1B3;GRIA1;BRAF;GNAI1;RYR2;NPY;PDE4B;JUN;GNAI2;ADORA1;NFKBIA;PRKACA;PDE4A;CALM3;MAP2K1;CREBBP;MAPK8;HCN2;CHRM1;MAP2K2;TIAM1;MAPK10;ADCY9;EP300;CREB1;PPP1R12A;CACNA1C;RAPGEF4;FXYD2;PIK3CA"
"298","cGMP-PKG signaling pathway",8.663667599677e-07,7.45075413572222e-06,0.659444398037935,0.296908239940035,3.156201967824,84,"PPP3CA;ATP2B1;CALM2;ADCY5;SLC25A5;PLCB4;ATP1B1;ATP2B2;ATP2A2;ATP2B4;RGS2;PDE2A;SLC25A4;MAPK1;ATP1A3;ADCY1;ITPR1;CALM1;ADCY2;ROCK2;PPP1CA;PPP3R1;PLCB1;KCNMA1;PRKCE;ATP1A1;ATP1B2;MEF2C;SLC8A2;ATP1B3;PPP3CB;GNAI1;GNAQ;VDAC3;ATF4;MEF2A;GNAI2;ADORA1;VDAC2;CALM3;VDAC1;MAP2K1;INSR;MEF2D;MAP2K2;ADRA2C;ADCY9;GNA11;CREB1;GNA13;PPP1R12A;CACNA1C;FXYD2;PPP1CC;KCNMB4;PPP1CB;ADCY3;CACNA1D;SLC8A3;SRF"
"299","mRNA surveillance pathway",0.24375,0.441980421686747,0.12563992130984,-0.123867570696354,-1.17641852216861,72,"WDR33;CPSF2;PPP2CB;MAGOHB;GSPT1;PAPOLG;PPP2R2B;ACIN1;NUDT21;HBS1L;RNGTT;CASC3;ALYREF;GSPT2;CSTF1;SYMPK;NXF1;PPP2R1A;PPP2R5C;PABPC4;PELO;DAZAP1;PPP2R2D;PPP2R3C;ETF1;CPSF7;NXT1;CSTF2T;UPF3A;DDX39B"
"300","mTOR signaling pathway",0.485148514851485,0.685449345065676,0.0802023444698144,0.085562433916859,0.956790034456165,94,"PRKCB;MAPK1;GSK3B;ATP6V1D;RPS6;ATP6V1G1;ATP6V1E1;ATP6V1F;ATP6V1A;PRKCA;RRAGD;RPS6KA3;PDPK1;ATP6V1G2;HRAS;LAMTOR5;BRAF;LAMTOR2;LAMTOR4;RHEB;SEC13;MAP2K1;ATP6V1C1;KRAS;RRAGB;INSR;PTEN;MAP2K2;EIF4E;MIOS;FZD3;ATP6V1B2;LRP6;MAPKAP1;FNIP1;LAMTOR1;PRKCG;DEPTOR;RPTOR;SOS1;GRB10;PIK3CA"
"301","p53 signaling pathway",0.00055711432476463,0.00279485686256923,0.477270815362862,-0.360107406687194,-2.28973479815547,31,"BAX;TRP53;EI24;CCNE2;CDKN1A;SIVA1;RRM2B;MDM2;BCL2L1;TSC2;CDK4;RCHY1;GADD45B;PPM1D;APAF1;BCL2;SESN1;GORAB;CCNG1;MDM4"
