"pathway","pval","padj","ES","NES","nMoreExtreme","size","leadingEdge"
"Alzheimer disease",2.00795955166279e-06,1.94971876116554e-05,0.538702654025648,6.62125146144522,0,121,"PPP3CA;ATP2A2;CALM2;GRIN2B;NDUFA1;ATP5G1;NDUFB10;CALM1;COX6B1;COX6A1;GNAQ;ATP5J;NDUFS8;COX8A;NDUFA4;NDUFB2;NDUFV1;COX7C;SDHD;CDK5R1;UQCR10;ATP5E;HSD17B10;ATP5C1;CYCS;COX7B;APP;ATP5A1;NDUFA7;CALM3;ATP5D;UQCR11;LPL;SNCA;ATP5H;ITPR1;MAPK1;NDUFA11;PLCB4;RTN3;GSK3B;GRIN1;NDUFC1;UQCRC2;NDUFA13;NDUFB4;NDUFB8;UQCRC1;NDUFAB1;ATP5B;NDUFB6;NDUFB9;NDUFS6;MAPT;ATF6;UQCRH;COX5A;NDUFV2;PPP3R1;NDUFB3;UQCRB;ATP5G3;COX7A2L;PLCB1;BACE1;NDUFB7;UQCRQ;LRP1;COX4I1;CACNA1C;ATP5F1;ATP5O;MME;NDUFS3;PPP3CB;NDUFS7;NDUFB11;APOE;NDUFA3;NDUFV3;NDUFS4;UQCRFS1;NDUFB5;NDUFS5;NDUFA8;APBB1;COX7A2;PSEN2;NDUFA5;CYC1;GAPDH;RTN4;RYR3;NDUFA6;COX6C;NDUFA12;SDHB;COX5B;ADAM10"
"Oxidative phosphorylation",2.00741136275128e-06,1.94971876116554e-05,0.547249724814894,6.11077778810582,0,98,"NDUFA1;ATP5G1;NDUFB10;COX6B1;COX6A1;ATP6V1D;COX17;ATP5J;NDUFS8;ATP5K;COX8A;NDUFA4;NDUFB2;NDUFV1;COX7C;ATP6V0B;ATP6V0A1;SDHD;UQCR10;ATP5E;ATP5L;ATP5C1;COX7B;ATP5A1;NDUFA7;ATP5D;UQCR11;ATP5H;ATP6V1F;NDUFA11;NDUFC1;UQCRC2;NDUFA13;NDUFB4;NDUFB8;UQCRC1;NDUFAB1;ATP5B;ATP5J2;NDUFB6;ATP6V1E1;NDUFB9;NDUFS6;ATP6V1G2;UQCRH;COX5A;NDUFV2;NDUFB3;UQCRB;ATP6V0D1;ATP5G3;COX7A2L;NDUFB7;PPA1;UQCRQ;COX4I1;ATP6V1A;ATP5F1;ATP5O;NDUFS3;NDUFS7;NDUFB11;NDUFA3;NDUFV3;NDUFS4;ATP6V0E2;UQCRFS1;ATP6V1G1;NDUFB5;NDUFS5;NDUFA8;COX7A2;ATP6AP1;NDUFA5;CYC1;ATP6V1B2;NDUFA6;COX6C;NDUFA12;SDHB;COX5B"
"Huntington disease",2.00801599987149e-06,1.94971876116554e-05,0.442186968513747,5.69210696057488,0,134,"GRIN2B;NDUFA1;ATP5G1;GRM5;NDUFB10;POLR2G;COX6B1;COX6A1;GNAQ;ATP5J;HAP1;NDUFS8;COX8A;NDUFA4;NDUFB2;DLG4;NDUFV1;COX7C;SDHD;POLR2J;UQCR10;ATP5E;CLTA;ATP5C1;CYCS;COX7B;SLC25A5;VDAC2;ATP5A1;NDUFA7;CLTC;SOD1;ATP5D;UQCR11;ATP5H;ITPR1;NDUFA11;POLR2E;PLCB4;GPX1;DCTN2;GRIN1;NDUFC1;IFT57;UQCRC2;NDUFA13;NDUFB4;NDUFB8;UQCRC1;NDUFAB1;ATP5B;HDAC2;NDUFB6;NDUFB9;NDUFS6;UQCRH;COX5A;POLR2I;NDUFV2;NDUFB3;UQCRB;ATP5G3;COX7A2L;PLCB1;NDUFB7;CLTB;SLC25A4;AP2A2;CREBBP;UQCRQ;COX4I1;ATP5F1;CREB1;ATP5O;VDAC1;NDUFS3;AP2B1;NDUFS7;NDUFB11;NDUFA3;NDUFV3;NDUFS4;UQCRFS1;PPARGC1A;NDUFB5;NDUFS5;NDUFA8;COX7A2;NDUFA5;CYC1;SOD2;NDUFA6;COX6C;NDUFA12;SDHB;COX5B"
"Retrograde endocannabinoid signaling",2.00595769435223e-06,1.94971876116554e-05,0.49330285098258,5.63699881915608,0,103,"ADCY5;GABRG1;SLC17A7;NDUFA1;PRKCA;GRIA2;GRM5;NDUFB10;GNB2;GNAQ;GABRA4;NDUFS8;NDUFA4;NDUFB2;NDUFV1;GNG3;CNR1;GRIA3;ADCY1;KCNJ9;GABRG2;GNB1;NDUFA7;CACNA1A;GRM1;ITPR1;PRKCB;MAPK1;NDUFA11;GABRA1;GABRD;RIMS1;PLCB4;GNB5;GNG7;NDUFC1;NDUFA13;NDUFB4;NDUFB8;NDUFAB1;GNG4;NDUFB6;NDUFB9;FAAH;GABRA2;NDUFS6;PRKACA;GNG2;NDUFV2;NDUFB3;PLCB1;MAPK10;NDUFB7;ADCY9;CACNA1C;GABRB3;MGLL;NDUFS3;NDUFS7;NDUFB11;NDUFA3;PRKCG;NDUFV3;NDUFS4;NDUFB5;MAPK8;NDUFS5;NDUFA8;GNAO1;KCNJ3;NDUFA5;GRIA1;NDUFA6;NDUFA12;CACNA1B;GABRG3;GABRB1;ADCY2;GNAI1;GABRA3;ADCY3;NDUFA2;NDUFS1;MAPK14;NDUFC2"
"Parkinson disease",2.00595769435223e-06,1.94971876116554e-05,0.488614994576812,5.58343042608668,0,103,"ADCY5;GNAL;UBB;NDUFA1;ATP5G1;NDUFB10;COX6B1;COX6A1;ATP5J;NDUFS8;COX8A;NDUFA4;NDUFB2;NDUFV1;COX7C;SDHD;UQCR10;ATP5E;PARK7;ATP5C1;CYCS;COX7B;SLC25A5;VDAC2;ATP5A1;NDUFA7;ATP5D;UQCR11;SNCA;ATP5H;NDUFA11;NDUFC1;UQCRC2;NDUFA13;NDUFB4;NDUFB8;UQCRC1;NDUFAB1;ATP5B;ADORA2A;NDUFB6;NDUFB9;NDUFS6;UQCRH;COX5A;PRKACA;NDUFV2;NDUFB3;UQCRB;ATP5G3;COX7A2L;NDUFB7;SLC25A4;UBE2L3;UQCRQ;COX4I1;ATP5F1;ATP5O;VDAC1;NDUFS3;NDUFS7;NDUFB11;NDUFA3;NDUFV3;NDUFS4;UQCRFS1;NDUFB5;NDUFS5;NDUFA8;COX7A2;NDUFA5;CYC1;NDUFA6;COX6C;NDUFA12;SDHB;COX5B;VDAC3;GNAI1;NDUFA2;UBE2J1;UCHL1;NDUFS1;LRRK2;NDUFC2"
"Thermogenesis",2.00728242062202e-06,1.94971876116554e-05,0.370959980438323,5.08136562174596,0,154,"ADCY5;ACTB;NDUFA1;ATP5G1;ACSL4;NDUFB10;RHEB;COX6B1;COX6A1;COX17;ATP5J;NDUFS8;ATP5K;COX8A;NDUFA4;NDUFB2;NDUFV1;CNR1;COX7C;SDHD;UQCR10;ADCY1;ATP5E;ATP5L;SMARCA2;ATP5C1;GNAS;COX7B;ATP5A1;NDUFA7;ATP5D;UQCR11;FGFR1;COA3;ATP5H;NDUFA11;KDM3A;COX14;NDUFC1;UQCRC2;DPF1;NDUFA13;NDUFB4;NDUFB8;UQCRC1;NDUFAB1;ATP5B;ATP5J2;NDUFB6;NDUFB9;SMARCC2;NDUFS6;UQCRH;COX5A;PRKACA;NDUFV2;NDUFB3;SMARCD3;UQCRB;ATP5G3;COX7A2L;NDUFB7;SMARCC1;ADCY9;UQCRQ;COX4I1;ARID1A;ATP5F1;CREB1;ATP5O;MGLL;ACSL3;NDUFS3;NDUFS7;NDUFB11;NDUFA3;NDUFV3;COX20;NDUFS4;UQCRFS1;PPARGC1A;NDUFB5;ACTL6B;NDUFS5;NDUFA8;COX7A2;NDUFA5;CYC1;ARID1B;NDUFA6;COX6C;NDUFA12;SDHB;COX5B;NDUFAF2;ADCY2;ACTG1;RPTOR;SOS1;SMARCD1;COA6;ADCY3;NDUFA2;NDUFS1;NDUFAF3;MAPK14;NDUFC2;KRAS;ACSL5"
"Calcium signaling pathway",2.00518943024548e-06,1.94971876116554e-05,0.47020477968716,4.61239721116269,0,74,"PPP3CA;ATP2A2;ATP2B1;GNAL;CALM2;PDE1B;PRKCA;GRM5;CALM1;SLC8A2;ATP2B2;GNAQ;ADCY1;GNAS;SLC25A5;VDAC2;CACNA1A;CALM3;GRM1;ERBB4;CAMK4;ITPR1;PRKCB;PLCB4;PTK2B;CACNA1E;GRIN1;PDE1A;CAMK2B;CACNA1I;ADORA2A;CAMK1D;ORAI2;CAMK2A;PRKACA;CAMK2D;PPP3R1;PLCB1;SLC25A4;ADCY9;ATP2B4;CACNA1C;RYR2;VDAC1;PPP3CB;CHRM1;PRKCG;CAMK1;ITPKA;RYR3;CACNA1B;ADCY2;VDAC3;CAMK2G;PDE1C;ADCY3;STIM2;MCU"
"Glutamatergic synapse",2.00366671007945e-06,1.94971876116554e-05,0.483679945195956,4.50138331144531,0,66,"PPP3CA;ADCY5;GRIN2B;SLC17A7;PRKCA;GRIA2;GRM5;GNB2;SLC1A2;GNAQ;DLG4;GNG3;GRIA3;ADCY1;GNAS;GNB1;CACNA1A;GRM1;HOMER1;ITPR1;PRKCB;MAPK1;PLCB4;GNB5;GRIK2;GNG7;GRIK5;GRIN1;GNG4;SLC38A2;GRIN3A;PRKACA;GNG2;PPP3R1;SLC38A1;DLGAP1;PLCB1;SHANK3;ADCY9;CACNA1C;GRM3;GLUL;PPP3CB;PRKCG;GNAO1;KCNJ3;GRIA1;GRM4"
"GABAergic synapse",2.00696416565482e-06,1.94971876116554e-05,0.491849538414117,4.34375564809023,0,59,"ADCY5;GABRG1;PRKCA;GAD1;GNB2;SLC12A5;GABRA4;HAP1;GABBR2;GNG3;NSF;ADCY1;SLC6A1;GABRG2;GNB1;GABARAPL2;CACNA1A;PRKCB;GABRA1;GABRD;GNB5;GNG7;GPHN;GNG4;SLC38A2;GABRA2;PRKACA;GNG2;GABBR1;SLC38A1;GABARAPL1;ADCY9;CACNA1C;GABRB3;GLUL;PRKCG;GABARAP;SRC;GNAO1;ABAT;CACNA1B;GABRG3;GABRB1;ADCY2;GNAI1;GABRA3;ADCY3"
"Neuroactive ligand-receptor interaction",2.00578065986172e-06,1.94971876116554e-05,0.47792288158399,4.28681769794999,0,61,"PENK;CCK;GRIN2B;GABRG1;GRIA2;GRM5;GABRA4;GABBR2;CNR1;ADCYAP1R1;GRIA3;GPR83;GABRG2;GRM1;NPY;TAC1;GABRA1;GABRD;PARD3;GRIK2;GRIK5;GRIN1;PDYN;SST;ADORA2A;GABRA2;GRIN3A;GABBR1;P2RY1;MCHR1;GLRA2;OPRK1;HTR1B;OPRL1;GRM3;GABRB3;CHRM1;ADORA1;ADRA2C;HRH3;GRIA1;GRM4;GLRB;GABRG3;GABRB1;NPY1R"
"Cardiac muscle contraction",2.00396384047646e-06,1.94971876116554e-05,0.530754770547924,4.25538894395587,0,48,"ATP2A2;ATP1A1;TPM1;COX6B1;COX6A1;COX8A;COX7C;UQCR10;COX7B;UQCR11;CACNG2;ATP1B1;CACNA2D1;SLC9A6;UQCRC2;UQCRC1;UQCRH;COX5A;ATP1A3;CACNB2;UQCRB;COX7A2L;UQCRQ;COX4I1;CACNA1C;RYR2;CACNB1;CACNG4;FXYD2;UQCRFS1;COX7A2;CYC1;ATP1B2;CACNB4;COX6C;CACNG5;COX5B;CACNA2D3;CACNG7;TPM3;CACNA2D2"
"Morphine addiction",2.00574445211085e-06,1.94971876116554e-05,0.478375429443371,4.19130333684241,0,58,"ADCY5;GABRG1;PDE1B;PRKCA;PDE10A;GNB2;GABRA4;GABBR2;GNG3;ADCY1;KCNJ9;GABRG2;GNAS;GNB1;CACNA1A;PRKCB;GABRA1;GABRD;GNB5;GNG7;PDE1A;PDE4A;GNG4;GABRA2;PDE2A;PDE4B;PDE7B;PRKACA;GNG2;GABBR1;ARRB2;ADCY9;GABRB3;PRKCG;ADORA1;GNAO1;KCNJ3;CACNA1B;GABRG3;GABRB1;ADCY2;GNAI1;GABRA3;PDE1C;ADCY3;GRK6"
"Non-alcoholic fatty liver disease (NAFLD)",2.0065856139851e-06,1.94971876116554e-05,0.348493492716022,3.85532349058091,0,96,"NDUFA1;NDUFB10;COX6B1;COX6A1;NDUFS8;COX8A;NDUFA4;NDUFB2;NDUFV1;COX7C;SDHD;UQCR10;JUN;CYCS;COX7B;NDUFA7;UQCR11;NDUFA11;GSK3B;NDUFC1;UQCRC2;NDUFA13;NDUFB4;NDUFB8;UQCRC1;NDUFAB1;NDUFB6;NDUFB9;NDUFS6;UQCRH;COX5A;NDUFV2;NDUFB3;UQCRB;COX7A2L;MAPK10;NDUFB7;UQCRQ;COX4I1;INSR;NDUFS3;NDUFS7;NDUFB11;NDUFA3;NDUFV3;NDUFS4;UQCRFS1;CDC42;NDUFB5;MAPK8;NDUFS5;NDUFA8;COX7A2;NDUFA5;CYC1;NDUFA6;COX6C;NDUFA12;SDHB;COX5B"
"Circadian entrainment",2.00578065986172e-06,1.94971876116554e-05,0.429152774370967,3.84936519925651,0,61,"ADCY5;CALM2;GRIN2B;PRKCA;GRIA2;GNB2;CALM1;GNAQ;GNG3;ADCYAP1R1;GRIA3;ADCY1;KCNJ9;GNAS;GNB1;CALM3;ITPR1;PRKCB;MAPK1;PLCB4;GNB5;GNG7;GRIN1;CAMK2B;GNG4;CACNA1I;CAMK2A;PRKACA;GNG2;CAMK2D;PLCB1;ADCY9;CACNA1C;RYR2;CREB1;PRKCG;GNAO1;KCNJ3;PER3;GRIA1;RYR3;ADCY2;GNAI1;CAMK2G;ADCY3"
"Oxytocin signaling pathway",2.00682722622361e-06,1.94971876116554e-05,0.349735686098873,3.83237605647825,0,94,"PPP3CA;ADCY5;ACTB;CALM2;PRKCA;CALM1;GNAQ;MEF2C;CAMKK2;ADCY1;KCNJ9;JUN;PPP1CA;GNAS;CCND1;CALM3;CAMK4;ITPR1;CACNG2;PRKCB;MAPK1;MAP2K1;PLCB4;CACNA2D1;CAMK2B;CAMK1D;ROCK2;CAMK2A;PRKACA;CACNB2;CAMK2D;PPP3R1;PPP1CB;MYL6;PLCB1;RGS2;PPP1R12A;ADCY9;CACNA1C;RYR2;CACNB1;KCNJ4;CACNG4;PPP3CB;ELK1;PRKCG;CAMK1;SRC;GNAO1;KCNJ3;CACNB4;RYR3;KCNJ2;CACNG5;ADCY2;CACNA2D3;ACTG1;PPP1CC;CACNG7;GNAI1;CAMK2G;ADCY3;CACNA2D2"
"Long-term potentiation",2.00396384047646e-06,1.94971876116554e-05,0.476157157410829,3.81764614407463,0,48,"PPP3CA;CALM2;GRIN2B;PRKCA;GRIA2;GRM5;CALM1;GNAQ;ADCY1;PPP1CA;CALM3;GRM1;CAMK4;ITPR1;BRAF;PRKCB;MAPK1;MAP2K1;PLCB4;GRIN1;CAMK2B;CAMK2A;PRKACA;CAMK2D;PPP3R1;PPP1CB;PLCB1;ARAF;PPP1R1A;CREBBP;CACNA1C;PPP3CB;PRKCG"
"cAMP signaling pathway",2.00703667056701e-06,1.94971876116554e-05,0.337555305650556,3.80441638107322,0,100,"ATP2A2;ATP2B1;PPP1R1B;ADCY5;CALM2;GRIN2B;ATP1A1;PDE10A;GRIA2;CALM1;ATP2B2;GABBR2;ADCYAP1R1;GRIA3;ADCY1;JUN;PPP1CA;GNAS;CALM3;NPY;CAMK4;BRAF;MAPK1;MAP2K1;ATP1B1;GRIN1;CAMK2B;PDE4A;SST;ADORA2A;ROCK2;CAMK2A;PDE4B;GRIN3A;PRKACA;ATP1A3;CAMK2D;GABBR1;PPP1CB;MAPK10;HTR1B;PPP1R12A;ADCY9;ATP2B4;CREBBP;CACNA1C;RYR2;RAC3;CREB1;CHRM1;FXYD2;PAK1;ADORA1;MAPK8;ATP1B2;GRIA1;NPY1R;ADCY2;HCN2;PPP1CC;GNAI1;RAPGEF4;CAMK2G;ADCY3;AKT2;PIK3CA;GRIA4;EP300;GNAI2;ATP1B3;TIAM1;SLC9A1;BAD;ATP2B3;MAP2K2;PIK3R1"
"Dopaminergic synapse",2.00598183784044e-06,1.94971876116554e-05,0.33978049808904,3.64967236108782,0,90,"PPP3CA;PPP1R1B;ADCY5;GNAL;CALM2;GRIN2B;PRKCA;GRIA2;GNB2;CALM1;GNAQ;COMT;GNG3;GRIA3;KCNJ9;KIF5A;PPP1CA;GNAS;GNB1;KIF5C;CACNA1A;CALM3;ITPR1;PRKCB;PLCB4;GNB5;GSK3B;GNG7;CAMK2B;PPP2R2C;GNG4;CAMK2A;PRKACA;GNG2;CAMK2D;PPP2R5A;SCN1A;PPP1CB;PPP2R5D;PLCB1;MAPK10;ARRB2;PPP2R3A;CACNA1C;CREB1;CALY;PPP3CB;PRKCG;MAPK8;GNAO1;KCNJ3;GRIA1;CACNA1B;PPP2R2A;PPP1CC;GNAI1;CAMK2G"
"Vascular smooth muscle contraction",2.00482762492081e-06,1.94971876116554e-05,0.43801373338258,3.5450888333648,0,49,"ADCY5;CALM2;RAMP1;PRKCA;CALM1;GNAQ;ADCY1;PPP1CA;ARHGEF12;GNAS;CALM3;KCNMA1;ITPR1;BRAF;PRKCB;MAPK1;MAP2K1;PLCB4;ADORA2A;ROCK2;PRKCE;PRKACA;PRKCH;PPP1CB;MYL6;PLCB1;ARAF;PPP1R12A;ADCY9;CACNA1C"
"Adrenergic signaling in cardiomyocytes",2.00641249433188e-06,1.94971876116554e-05,0.331251959404659,3.5212084321735,0,88,"ATP2A2;ATP2B1;ADCY5;SCN4B;CALM2;ATP1A1;TPM1;PRKCA;CALM1;ATP2B2;GNAQ;SCN1B;ADCY1;PPP1CA;GNAS;CALM3;CACNG2;MAPK1;PLCB4;ATP1B1;CACNA2D1;CAMK2B;PPP2R2C;CAMK2A;PRKACA;ATP1A3;CACNB2;CAMK2D;PPP2R5A;PPP1CB;PPP2R5D;PLCB1;PPP1R1A;ADCY9;ATP2B4;PPP2R3A;CACNA1C;RYR2;CACNB1;CREB1;CACNG4;FXYD2;ATP1B2;CACNB4;CACNG5;ADCY2;CACNA2D3;PPP2R2A;PPP1CC;CACNG7;GNAI1;RAPGEF4;CAMK2G;ADCY3;TPM3;CACNA2D2;MAPK14;AKT2;CACNB3"
"Synaptic vesicle cycle",2.00396384047646e-06,1.94971876116554e-05,0.437940917458734,3.51124293491681,0,48,"SLC17A7;SLC1A2;DNM1;ATP6V1D;CPLX2;NSF;ATP6V0B;ATP6V0A1;VAMP2;SLC6A1;CLTA;DNM3;CLTC;CACNA1A;STXBP1;RAB3A;ATP6V1F;STX1A;RIMS1;ATP6V1E1;ATP6V1G2;ATP6V0D1;UNC13A;SNAP25;SYT1;CLTB;AP2A2;ATP6V1A;AP2B1;ATP6V0E2;ATP6V1G1;ATP6V1B2;UNC13C;CACNA1B;STX1B;AP2S1;AP2M1;CPLX1;ATP6V1C1"
"Gastric acid secretion",2.00578468302585e-06,1.94971876116554e-05,0.491059922737184,3.47983527907472,0,37,"ADCY5;ACTB;CALM2;ATP1A1;PRKCA;CALM1;GNAQ;ADCY1;GNAS;CALM3;ITPR1;PRKCB;PLCB4;ATP1B1;KCNK2;CAMK2B;SST;CAMK2A;PRKACA;ATP1A3;CAMK2D;PLCB1;ADCY9;PRKCG;ATP1B2;KCNJ2;ADCY2;GNAI1;CAMK2G;ADCY3"
"Cholinergic synapse",2.003999983968e-06,1.94971876116554e-05,0.360232553766187,3.37604860657651,0,67,"ADCY5;PRKCA;GNB2;GNAQ;KCNQ5;GNG3;ADCY1;GNB1;CACNA1A;CAMK4;ITPR1;PRKCB;MAPK1;MAP2K1;PLCB4;GNB5;GNG7;CAMK2B;GNG4;CAMK2A;PRKACA;GNG2;CAMK2D;KCNQ3;PLCB1;KCNQ2;ADCY9;CACNA1C;KCNJ4;CREB1;CHRM1;PRKCG;ACHE;GNAO1;KCNJ3;JAK2;KCNJ2;CACNA1B;ADCY2;GNAI1;CAMK2G;ADCY3;AKT2;KRAS;ATF4;CHRM4;NRAS;PIK3CA"
"Insulin secretion",2.00572031433649e-06,1.94971876116554e-05,0.426881364964685,3.35334758236904,0,46,"ADCY5;CCK;ATP1A1;PRKCA;GNAQ;ADCYAP1R1;ADCY1;VAMP2;GNAS;KCNMA1;RAB3A;PRKCB;STX1A;PLCB4;ATP1B1;CAMK2B;CAMK2A;PRKACA;ATP1A3;CAMK2D;PLCB1;SNAP25;ADCY9;CACNA1C;RYR2;CREB1;FXYD2;PRKCG;ATP1B2;KCNMB4;ADCY2;RAPGEF4;CAMK2G;ADCY3"
"Aldosterone synthesis and secretion",2.00448202180075e-06,1.94971876116554e-05,0.402753845587851,3.35280747209011,0,52,"ATP2B1;ADCY5;CALM2;ATP1A1;PRKCA;CALM1;ATP2B2;GNAQ;ADCY1;GNAS;CALM3;CAMK4;ITPR1;PRKCB;PLCB4;ATP1B1;CAMK2B;CACNA1I;CAMK1D;PRKCE;PDE2A;CAMK2A;PRKACA;ATP1A3;CAMK2D;PLCB1;ADCY9;ATP2B4;CACNA1C;CREB1;PRKCG;CAMK1"
"Amphetamine addiction",2.00572031433649e-06,1.94971876116554e-05,0.419188457360153,3.29291628872571,0,46,"PPP3CA;PPP1R1B;ADCY5;CALM2;GRIN2B;PRKCA;GRIA2;CALM1;GRIA3;JUN;PPP1CA;GNAS;CALM3;CAMK4;PRKCB;STX1A;GRIN1;PDYN;CAMK2B;CAMK2A;GRIN3A;PRKACA;CAMK2D;PPP3R1;PPP1CB;CACNA1C;CREB1;PPP3CB;PRKCG"
"Olfactory transduction",2.00631185710244e-06,1.94971876116554e-05,0.530712855006764,3.23863331712311,0,27,"GNAL;CALM2;PDE1B;CALM1;SLC8A2;GNB1;CALM3;NCALD;SLC24A4;GNG7;PDE1A;CAMK2B;PDE2A;CAMK2A;PRKACA;CAMK2D;RGS2;ARRB2"
"Salivary secretion",2.00634003450905e-06,1.94971876116554e-05,0.450742481010721,3.23404810205238,0,38,"ATP2B1;ADCY5;CALM2;ATP1A1;PRKCA;CALM1;ATP2B2;GNAQ;ADCY1;VAMP2;GNAS;CALM3;KCNMA1;ITPR1;PRKCB;PLCB4;ATP1B1;PRKACA;ATP1A3;PLCB1;ADCY9;ATP2B4;FXYD2;PRKCG;ATP1B2;RYR3;SLC12A2;ADCY2"
"Inflammatory mediator regulation of TRP channels",2.0069963894135e-06,1.94971876116554e-05,0.4257490223166,3.16692215838802,0,41,"ADCY5;CALM2;PRKCA;CALM1;GNAQ;ADCY1;PPP1CA;GNAS;CALM3;ITPR1;PRKCB;PLCB4;CAMK2B;ASIC4;PRKCE;CAMK2A;PRKACA;PRKCH;CAMK2D;PPP1CB;PLCB1;MAPK10;ADCY9;PRKCG;MAPK8;SRC;ADCY2;PPP1CC;CAMK2G;ADCY3;MAPK14"
"GnRH signaling pathway",4.00943017978285e-06,3.54966015836673e-05,0.383094940876577,3.15982956671354,1,51,"ADCY5;CALM2;PRKCA;CALM1;GNAQ;ADCY1;JUN;GNAS;CALM3;HBEGF;ITPR1;PRKCB;MAPK1;MAP2K1;PLCB4;EGR1;PTK2B;CAMK2B;CAMK2A;PRKACA;CAMK2D;MAP2K4;PLCB1;MAPK10;ADCY9;CACNA1C;ELK1;CDC42;MAPK8;SRC;ADCY2;SOS1;CAMK2G;ADCY3;MAPK14;KRAS;ATF4;NRAS"
"Endocrine and other factor-regulated calcium reabsorption",2.00479145156925e-06,1.94971876116554e-05,0.481316953648381,3.13739921615475,0,31,"ATP2B1;ATP1A1;PRKCA;DNM1;GNAQ;CLTA;GNAS;DNM3;CLTC;PRKCB;PLCB4;ATP1B1;PRKACA;ATP1A3;PLCB1;CLTB;AP2A2;ADCY9;AP2B1;FXYD2;PRKCG;ATP1B2;CALB1"
"cGMP-PKG signaling pathway",2.00676681770932e-06,1.94971876116554e-05,0.296990633597885,3.08944937831599,0,84,"PPP3CA;ATP2A2;ATP2B1;ADCY5;CALM2;ATP1A1;CALM1;SLC8A2;ATP2B2;GNAQ;MEF2C;ADCY1;PPP1CA;SLC25A5;VDAC2;CALM3;KCNMA1;ITPR1;MAPK1;MAP2K1;PLCB4;ATP1B1;ROCK2;PRKCE;PDE2A;ATP1A3;PPP3R1;PPP1CB;PLCB1;RGS2;SLC25A4;PPP1R12A;ADCY9;ATP2B4;CACNA1C;CREB1;VDAC1;INSR;PPP3CB;FXYD2;MEF2A;ADORA1;ADRA2C;ATP1B2;KCNMB4;ADCY2;VDAC3;PPP1CC;GNAI1;ADCY3;AKT2;ATF4;MEF2D;GNAI2;ATP1B3;SRF;SLC8A3;BAD;ATP2B3;MAP2K2"
"Serotonergic synapse",6.01430201018021e-06,5.02865498013932e-05,0.375766913642017,3.06998059154138,2,50,"ADCY5;PRKCA;GNB2;GNAQ;GNG3;KCND2;KCNJ9;GNAS;GNB1;APP;CACNA1A;ITPR1;BRAF;PRKCB;MAPK1;MAP2K1;PLCB4;GNB5;GNG7;GNG4;PRKACA;GNG2;PLCB1;ARAF;HTR1B;CACNA1C;GABRB3;PRKCG;GNAO1;KCNJ3;CACNA1B;GABRB1"
"Renin secretion",4.0095829031385e-06,3.54966015836673e-05,0.458251433975988,2.9870497576704,1,31,"PPP3CA;ADCY5;CALM2;PDE1B;CALM1;GNAQ;ADCYAP1R1;GNAS;CALM3;KCNMA1;ITPR1;CTSB;PLCB4;PDE1A;PRKACA;PPP3R1;PLCB1;CACNA1C;CREB1;PPP3CB;ADORA1;KCNJ2;GNAI1;PDE1C"
"Alcoholism",6.01433818222643e-06,5.02865498013932e-05,0.299738630286653,2.97711846287314,2,76,"PPP1R1B;ADCY5;CALM2;GRIN2B;GNB2;CALM1;CAMKK2;NTRK2;GNG3;PPP1CA;GNAS;GNB1;CALM3;NPY;CAMK4;BRAF;MAPK1;MAP2K1;GNB5;GNG7;GRIN1;PDYN;GNG4;HDAC2;ADORA2A;GRIN3A;PRKACA;GNG2;PPP1CB;ARAF;H3F3B;HIST3H2BA;HIST1H2BC;CREB1;H2AFJ;H2AFZ;GNAO1;PKIA;HDAC11;PPP1CC;HDAC4;GNAI1;SOS1;H2AFV;H3F3A;KRAS;ATF4;NRAS;MAOA;HDAC5;H2AFX;GNAI2"
"Taste transduction",1.00156644992769e-05,7.54746124466412e-05,0.555611887421985,2.94118684796249,4,20,"PDE1B;SCN3A;GABRA4;GABBR2;CACNA1A;GRM1;GABRA1;PDE1A;GABRA2;PRKACA;GABBR1;P2RY1;HTR1B;CACNA1C;GRM4;GABRA3;PDE1C"
"Melanogenesis",8.02679343649101e-06,6.52990493076701e-05,0.379909186607791,2.92154063711439,3,44,"ADCY5;CALM2;PRKCA;CALM1;GNAQ;ADCY1;GNAS;CALM3;PRKCB;MAPK1;MAP2K1;PLCB4;GSK3B;CAMK2B;CAMK2A;PRKACA;CAMK2D;KITL;PLCB1;ADCY9;CREBBP;CREB1;FZD3;PRKCG;GNAO1;ADCY2;GNAI1;CAMK2G;ADCY3;CTNNB1;KRAS;NRAS;EP300;GNAI2"
"Nicotine addiction",1.20135512858504e-05,8.62726214838891e-05,0.509781028784267,2.88397235560112,5,23,"GRIN2B;GABRG1;SLC17A7;GRIA2;GABRA4;GRIA3;GABRG2;CACNA1A;GABRA1;GABRD;GRIN1;GABRA2;GRIN3A;GABRB3;GRIA1;CACNA1B;GABRG3;GABRB1;GABRA3"
"Dilated cardiomyopathy (DCM)",1.20380402070543e-05,8.62726214838891e-05,0.398433822206761,2.85873686370068,5,38,"ATP2A2;ADCY5;ACTB;TPM1;ADCY1;GNAS;CACNG2;CACNA2D1;PRKACA;CACNB2;ADCY9;CACNA1C;RYR2;CACNB1;CACNG4;ITGAV;SGCB;CACNB4;DAG1;CACNG5;ADCY2;CACNA2D3;ACTG1;CACNG7;ADCY3;TPM3;CACNA2D2;CACNB3"
"Apelin signaling pathway",1.00131973941655e-05,7.54746124466412e-05,0.293966865306564,2.8485241766709,4,72,"ADCY5;CALM2;GNB2;CALM1;SLC8A2;GNAQ;MEF2C;GNG3;ADCY1;GNB1;CCND1;GABARAPL2;CALM3;CAMK4;ITPR1;MAPK1;MAP2K1;PLCB4;EGR1;GNB5;GNG7;GNG4;MRAS;PRKCE;PRKACA;GNG2;PLCB1;GABARAPL1;ADCY9;RYR2;MEF2A;GABARAP;PPARGC1A;SMAD4;RYR3;ADCY2;HDAC4;GNAI1;ADCY3;AKT2;KRAS;PIK3C3;NRAS;HDAC5;SMAD3;MEF2D;GNAI2;SLC9A1;SLC8A3;MAP2K2;AKT3;HRAS;PRKAA2;GNA13"
"Parathyroid hormone synthesis, secretion and action",1.00298488301184e-05,7.54746124466412e-05,0.335464272030603,2.81723749761776,4,53,"ADCY5;PRKCA;GNAQ;MEF2C;ADCY1;GNAS;HBEGF;FGFR1;ITPR1;BRAF;PRKCB;MAPK1;MAP2K1;PLCB4;EGR1;PDE4A;PDE4B;MMP16;PRKACA;PLCB1;ARAF;RXRG;ARRB2;ADCY9;LRP6;NACA;CREB1;PRKCG;MEF2A"
"Rap1 signaling pathway",3.61260800192672e-05,0.000252882560134871,0.250317407197233,2.75602354402314,17,95,"ADCY5;ACTB;CALM2;GRIN2B;PRKCA;CALM1;GNAQ;CNR1;ADCY1;GNAS;RAP1GAP;CALM3;FGFR1;EFNA5;BRAF;PRKCB;MAPK1;MAP2K1;MAGI1;PLCB4;PARD3;DOCK4;GRIN1;PDGFA;ADORA2A;MRAS;TLN2;MAGI3;FGF9;P2RY1;KITL;PLCB1;ADCY9;SIPA1L3;RAPGEF2;PFN1;SIPA1L1;RAC3;INSR;PRKCG;CDC42;SRC;GNAO1;RGS14;RASGRP2;ADCY2;ACTG1;GNAI1;RAPGEF4;ADCY3;MAPK14;PRKCZ;CTNNB1;AKT2;KRAS;MAGI2"
"Thyroid hormone synthesis",4.2096569530503e-05,0.000287978805197304,0.398186780543641,2.71255921663027,20,34,"ADCY5;ATP1A1;PRKCA;GNAQ;CANX;ADCY1;GNAS;ITPR1;PRKCB;PLCB4;GPX1;ATP1B1;HSPA5;PRKACA;ATP1A3;PLCB1;HSP90B1;ADCY9;CREB1;FXYD2;PRKCG"
"Pancreatic secretion",4.61652716725879e-05,0.00030879437274331,0.365672280180897,2.68823093852289,22,40,"ATP2A2;ATP2B1;ADCY5;CCK;ATP1A1;PRKCA;ATP2B2;GNAQ;SLC4A4;ADCY1;GNAS;KCNMA1;ITPR1;PRKCB;PLCB4;ATP1B1;ATP1A3;PLCB1;ADCY9;ATP2B4;RYR2;FXYD2;PRKCG;ATP1B2;SLC12A2;ADCY2"
"Oocyte meiosis",8.81629250855581e-05,0.000576892183712022,0.27766897177741,2.62040171669068,43,68,"PPP3CA;ADCY5;CALM2;CPEB4;CALM1;CPEB1;YWHAG;ADCY1;CPEB2;PPP1CA;YWHAE;ANAPC13;CALM3;CPEB3;ITPR1;MAPK1;MAP2K1;YWHAQ;CAMK2B;ANAPC11;CAMK2A;PRKACA;CAMK2D;PPP3R1;PPP2R5A;PPP1CB;PPP2R5D;ADCY9;PPP3CB;SKP1A;YWHAH;RBX1;YWHAB;SLK;ADCY2;AR;PPP1CC;YWHAZ;CAMK2G;ADCY3"
"Phototransduction",4.00084017643705e-06,3.54966015836673e-05,0.938379185858334,2.59696254489844,1,5,"RGS9;CALM2;CALM1;GNB1;CALM3"
"Cell adhesion molecules (CAMs)",0.000118456055814887,0.000739641365676111,0.343086681517758,2.58114013715625,58,42,"NRXN1;NLGN3;NFASC;CNTN1;LRRC4B;ALCAM;NCAM1;LRRC4C;NEGR1;CNTN2;SDC3;IGSF11;H2-D1;CD4;NRCAM;CDH2;NRXN3;CADM1;NLGN2;L1CAM;GLG1;PTPRF;NLGN1;ITGAV"
"Regulation of actin cytoskeleton",9.63161094712848e-05,0.000616832956401207,0.233069197433999,2.57840439083994,47,96,"ACTB;ARPC2;BRK1;PIP5K1C;NCKAP1;ACTN1;PPP1CA;ARHGEF12;IQGAP2;CFL2;MYH10;FGFR1;APC;BRAF;MAPK1;MAP2K1;ABI2;PAK3;CYFIP2;PAK7;PDGFA;TMSB4X;ROCK2;MRAS;PIP5K1A;MYL12B;FGF9;PPP1CB;BAIAP2;ARAF;PPP1R12A;SPATA13;PFN1;RAC3;CHRM1;RDX;PIP4K2B;GIT1;ARHGEF7;PAK1;CDC42;CFL1;ITGAV;SRC;ARPC3;ACTG1;ARPC1A;PPP1CC;SOS1;KRAS;WASF1;ACTN4;CHRM4;NRAS;PIK3CA;PTK2;ARHGEF4;TIAM1;SLC9A1;ITGB8;PFN2;MAP2K2;PIK3R1"
"Axon guidance",0.000132489149941584,0.000797584682648338,0.228802726887572,2.55488958317073,65,98,"PPP3CA;PRKCA;SRGAP1;EPHA7;SRGAP3;SEMA6D;EFNB2;ROBO2;ARHGEF12;CFL2;EPHA4;LRRC4C;EFNA5;UNC5D;MAPK1;PLXNA4;BMPR2;PAK3;PARD3;GSK3B;EPHA5;PAK7;CAMK2B;ROCK2;CAMK2A;CAMK2D;MYL12B;PPP3R1;L1CAM;EPHB1;PLXNA2;NRP1;NGEF;SEMA6B;RAC3;PPP3CB;ABLIM2;FZD3;PAK1;CDC42;CFL1;SEMA4A;DPYSL2;SRC;SLIT3;PLXNC1;PDK1;UNC5A;SEMA3E;GNAI1;CAMK2G;ABLIM1;PRKCZ;LRRC4;KRAS;SEMA4F;NRAS;PIK3CA;EFNB3;PTK2;GNAI2"
"MAPK signaling pathway",0.000120406733947274,0.000739641365676111,0.195978838145883,2.53161819878615,59,135,"PPP3CA;PRKCA;MEF2C;NTRK2;STMN1;PTPN5;RASGRF2;JUN;CACNA1A;FGFR1;ERBB4;EFNA5;CACNG2;BRAF;PRKCB;MAPK1;MAP2K1;HSPA8;CACNA2D1;CACNA1E;PDGFA;RASGRP1;TGFA;TAOK1;CACNA1I;MRAS;MAPT;RASA2;PRKACA;CACNB2;PPP3R1;FGF9;MAP2K4;KITL;MAPK10;ARAF;ARRB2;CACNA1C;DUSP8;RAPGEF2;CACNB1;PPP5C;RAC3;MAPK8IP2;CACNG4;INSR;TAB2;PPP3CB;ELK1;PRKCG;NLK;PAK1;CDC42;MAPK8;DUSP3;RASGRF1;CACNB4;RASGRP2;CACNA1B;CACNG5;CACNA2D3;CACNG7;IRAK1;SOS1;NF1;PPM1B;CACNA2D2;MAPK8IP3;MAPK14;AKT2;KRAS;CACNB3;TAOK3;PTPRR"
"Systemic lupus erythematosus",0.000164256897788141,0.000969437769298634,0.476687388103399,2.52339215236133,81,20,"GRIN2B;ACTN1;TROVE2;H3F3B;HIST3H2BA;HIST1H2BC;H2AFJ;H2AFZ;SNRPB;SNRPD1;SSB;SNRPD3;H2-DMA;H2AFV;H3F3A;ACTN4;H2AFX;H2AFY;HIST3H2A"
"Estrogen signaling pathway",0.00025830997196636,0.00149521733772835,0.256856263139727,2.45674353205039,128,70,"ADCY5;CALM2;HSP90AB1;CALM1;GNAQ;GABBR2;HSP90AA1;ADCY1;KCNJ9;JUN;GNAS;CALM3;GRM1;HBEGF;NCOA1;ITPR1;MAPK1;MAP2K1;PLCB4;HSPA8;TGFA;PRKACA;GABBR1;PLCB1;CTSD;HSP90B1;ADCY9;CREB1;SRC;GNAO1;KCNJ3;KRT10;ADCY2;FKBP5;GNAI1;SOS1;ADCY3;NCOA2;KRT9;AKT2;KRAS;ATF4;NRAS;PIK3CA"
"Gap junction",0.000368824692011337,0.00205585615361875,0.292518923211404,2.43513412029487,183,52,"ADCY5;PRKCA;GRM5;GNAQ;TUBB5;TUBB2A;TUBB4A;ADCY1;GNAS;GRM1;ITPR1;PRKCB;MAPK1;MAP2K1;TUBA1B;PLCB4;PDGFA;TUBA1A;TUBB4B;PRKACA;TUBB3;PLCB1"
"Chemical carcinogenesis",0.000284530364599614,0.00161591773102799,0.657989787022045,2.38938869101482,141,9,"ADH5;EPHX1;GSTA4;MGST3;GSTO1;CBR1;GSTM1;GSTP1;GSTM5"
"Human cytomegalovirus infection",0.000437298777368785,0.00235048092835722,0.208919346824973,2.38733287068073,217,103,"PPP3CA;ADCY5;CALM2;PRKCA;CX3CL1;GNB2;CALM1;RHEB;GNAQ;PDIA3;GNG3;ADCY1;ARHGEF12;GNAS;CYCS;GNB1;CCND1;CALM3;ITPR1;PRKCB;MAPK1;MAP2K1;PLCB4;PTK2B;GNB5;GSK3B;GNG7;H2-D1;GNG4;ROCK2;CALR;PRKACA;GNG2;PPP3R1"
"Proteasome",0.000798235058162856,0.00414256469839689,0.319681778067274,2.32259526728819,397,39,"PSMB5;PSMA1;PSMB10;PSMA2;PSMA6;PSMD14;PSME1;PSMB4;PSMA4;PSMA3;PSMC6;PSMA5;POMP;PSMB3;PSMD4;PSMC5;PSMB6;PSMD12;ADRM1;PSMB7;PSMC4;PSMB2"
"Human immunodeficiency virus 1 infection",0.000702593976962947,0.00371018924676925,0.206461164102087,2.30541604407065,349,98,"PPP3CA;CALM2;PRKCA;GNB2;CALM1;GNAQ;PDIA3;GNG3;JUN;CYCS;GNB1;CFL2;CALM3;ITPR1;PRKCB;MAPK1;MAP2K1;PAK3;PTK2B;GNB5;AP1S2;GNG7;PAK7;H2-D1;CD4;GNG4;CALR;GNG2;PPP3R1;RNF7;MAPK10;B2M;RAC3;TAB2;PPP3CB;CUL5;SKP1A;RBX1;PRKCG;PAK1;CFL1;MAPK8"
"Phagosome",0.00114640515802153,0.00575113254274134,0.246930599588394,2.24922197771731,571,63,"ACTB;LAMP1;ATP6V1D;TUBB5;TUBB2A;ATP6V0B;ATP6V0A1;CANX;TUBB4A;ATP6V1F;TUBA1B;H2-D1;TUBA1A;ATP6V1E1;TUBB4B;ATP6V1G2;CALR;TUBB3;DYNC1I1;ATP6V0D1;TFRC;STX12;ATP6V1A;ATP6V0E2;ATP6V1G1;DYNC1H1;ITGAV;SEC61B;ATP6AP1;ATP6V1B2;CTSL;STX7;ACTG1;HGS;TUBB2B;H2-DMA"
"Cocaine addiction",0.00234840174315183,0.0114011116885274,0.346473524885305,2.15180699954679,1170,28,"PPP1R1B;RGS9;ADCY5;GRIN2B;GRIA2;DLG4;CDK5R1;JUN;GNAS;GRIN1;PDYN;GRIN3A;PRKACA"
"Phosphatidylinositol signaling system",0.00232871134609946,0.0114011116885274,0.238876241127582,2.14264463482385,1160,61,"CALM2;PRKCA;CALM1;DGKB;PIP5K1C;DGKE;DGKG;IMPAD1;CALM3;DGKZ;ITPR1;PRKCB;INPP4A;PLCB4;CDS1;CDS2;PIP5K1A;INPP5F;PIK3C2B;PLCB1;SACM1L;PTEN;PIP4K2B;PRKCG;IPPK;DGKH;ITPKA;ITPK1;SYNJ1;DGKI;PI4KA"
"Arrhythmogenic right ventricular cardiomyopathy (ARVC)",0.00278238278611134,0.0132936066447542,0.312112241602305,2.12619549153685,1387,34,"ATP2A2;ACTB;CACNG2;CACNA2D1;CDH2;CACNB2;CACNA1C;RYR2;CACNB1;CACNG4;ITGAV;ACTN2;SGCB;CACNB4;DAG1;CACNG5;CACNA2D3;ACTG1;CACNG7;CACNA2D2;CTNNB1;CACNB3;CACNG3;ITGB8;CACNA1D;DMD;EMD"
"Hypertrophic cardiomyopathy (HCM)",0.00292270468454635,0.0135343709238223,0.310898405800238,2.11792650408359,1457,34,"ATP2A2;ACTB;TPM1;CACNG2;CACNA2D1;CACNB2;CACNA1C;RYR2;CACNB1;CACNG4;ITGAV;SGCB;CACNB4;DAG1;CACNG5;CACNA2D3;ACTG1;CACNG7;TPM3;CACNA2D2;CACNB3;CACNG3;ITGB8;CACNA1D;PRKAA2;DMD;EMD"
"Cortisol synthesis and secretion",0.00287138368187236,0.0135044763788059,0.335471085892718,2.11768095724586,1430,29,"ADCY5;GNAQ;ADCY1;GNAS;ITPR1;PLCB4;KCNK2;KCNA4;CACNA1I;PRKACA;PLCB1;PBX1;ADCY9;CACNA1C;CREB1;NCEH1;ADCY2;ADCY3;PDE8B;ATF4"
"Wnt signaling pathway",0.0030655179322781,0.0139806196608441,0.220644220045596,2.09628111950317,1529,69,"PPP3CA;PRKCA;CCND2;DAAM1;JUN;CCND1;APC;PRKCB;PLCB4;GSK3B;CSNK2B;CAMK2B;PRICKLE2;ROCK2;CAMK2A;PRKACA;CAMK2D;PPP3R1;CACYBP;PLCB1;MAPK10;LRP6;CREBBP;RAC3;PPP3CB;SKP1A;RBX1;FZD3;PRKCG;NLK;MAPK8"
"Long-term depression",0.00385912973014173,0.0172087447795268,0.291940947469385,2.06880334022734,1923,37,"PRKCA;GRIA2;GNAQ;GRIA3;GNAS;CACNA1A;GRM1;ITPR1;BRAF;PRKCB;MAPK1;MAP2K1;PLCB4"
"Ribosome",0.00388768985052434,0.0172087447795268,0.257914746381079,2.06786188487801,1939,48,"MT-RNR1;MT-RNR2;MRPL21;MRPL14;UBA52;MRPS12;MRPL34;MRPS6;MRPS14;MRPS21;MRPL18;MRPL3;MRPL33;FAU;MRPS17;MRPS18C;MRPL23;MRPL30;MRPS18A;MRPL20;MRPL4;MRPL17;MRPL15;MRPS16;MRPS11;MRPL27;MRPL11;MRPS5;MRPL22;MRPS15;MRPL28;MRPL36;MRPL13;MRPL24;MRPL16"
"Metabolism of xenobiotics by cytochrome P450",0.00443853618398003,0.0193623100199708,0.490135463341806,2.03793016433487,2216,12,"CBR3;ADH5;EPHX1;GSTA4;MGST3;GSTO1;CBR1;GSTM1;GSTP1;GSTM5"
"Collecting duct acid secretion",0.00544664053773815,0.0230906873501294,0.44901276891077,2.00730527359379,2720,14,"ATP6V1D;ATP6V0A1;ATP6V1F;ATP6V1E1;ATP6V1G2;ATP6V0D1;ATP6V1A;ATP6V0E2;ATP6V1G1;ATP6V1B2"
"Antigen processing and presentation",0.00614014689845404,0.0253175920059543,0.345319192796396,1.99321685051772,3062,24,"HSP90AB1;PDIA3;HSP90AA1;CANX;PSME1;CTSB;HSPA8;H2-D1;CD4;HSPA5;CALR;B2M;CREB1"
"Rheumatoid arthritis",0.00727708788359863,0.0292053793728425,0.354959696846592,1.96607429221594,3634,22,"ATP6V1D;ATP6V0B;ATP6V0A1;JUN;ATP6V1F;ATP6V1E1;ATP6V1G2;ATP6V0D1;ATP6V1A;ATP6V0E2;ATP6V1G1;ATP6AP1;ATP6V1B2;CTSL"
"Cholesterol metabolism",0.00754711688915335,0.0295023660212358,0.422623482282486,1.95168466470957,3766,15,"VDAC2;SORT1;LPL;LRPAP1;VAPB;LRP1;VDAC1;APOE;VAPA;NCEH1;VDAC3"
"Fluid shear stress and atherosclerosis",0.00747781900952961,0.0295023660212358,0.206011567605205,1.94416056628599,3731,68,"ACTB;CALM2;HSP90AB1;CALM1;SQSTM1;MEF2C;GPC1;HSP90AA1;JUN;CALM3;BMPR2;PDGFA;TXN1;MAP2K4;MAPK10;ARHGEF2;GSTA4;MGST3;SUMO3;HSP90B1;RAC3;GSTO1;MEF2A;ASS1;MAPK8;ITGAV;SRC;GSTM1;CTSL;GSTP1;ACTG1;SUMO1;GSTM5;MAPK14;PRKCZ;CTNNB1;AKT2;PIK3CA;PTK2;TXN2;PIK3R1;MAP3K5;MAP3K7;AKT3;ACVR2A;PRKAA2"
"Platelet activation",0.00999195426975468,0.0374129680379943,0.223889960172603,1.8968850788743,4979,54,"ADCY5;ACTB;GNAQ;ADCY1;PPP1CA;ARHGEF12;GNAS;ITPR1;MAPK1;PLCB4;RASGRP1;ROCK2;TLN2;PRKACA;MYL12B;PPP1CB;P2RY1;PLCB1;PPP1R12A;ADCY9;SRC;RASGRP2;ADCY2;ACTG1;PPP1CC;GNAI1;ADCY3;MAPK14;PRKCZ;AKT2"
"Glucagon signaling pathway",0.0100679415650417,0.0374129680379943,0.232135602382023,1.89652619229138,5021,50,"PPP3CA;CALM2;CALM1;GNAQ;GNAS;CALM3;LDHB;ITPR1;PLCB4;CAMK2B;FOXO1;CAMK2A;PRKACA;CAMK2D;PPP3R1;PLCB1;PKM;CREBBP;PDHA1;CREB1;PPP3CB;PPARGC1A;G6PC3;ADCY2;PRMT1;CAMK2G;PGAM1;AKT2;ATF4;PFKL;EP300"
"Phospholipase D signaling pathway",0.010891499820646,0.0399797737318833,0.192369712685716,1.87547590696549,5434,73,"ADCY5;PRKCA;GRM5;RHEB;DNM1;DGKB;PIP5K1C;DGKE;ADCY1;DGKG;GNAS;DNM3;GRM1;DGKZ;MAPK1;MAP2K1;PLCB4;PTK2B;PDGFA;MRAS;PIP5K1A;KITL;PLCB1;AGPAT3"
