"pathway","pval","padj","log2err","ES","NES","size","leadingEdge"
"Interferon alpha/beta signaling Homo sapiens R-HSA-909733",1.13226630469733e-12,1.6576378700769e-09,0.910119734774459,0.712642726722491,3.93701453915423,29,"EGR1;ISG15;HLA-B;IFI6;HLA-A;IFITM3;SOCS1;HLA-E;HLA-C;STAT1;IFITM1;IFI27;STAT2;XAF1;IFI35;SAMHD1;SOCS3;ADAR;PSMB8"
"Antigen processing-Cross presentation Homo sapiens R-HSA-1236975",1.96155308284204e-09,5.74342742656148e-07,0.774939030136436,0.443169529053011,3.16526102573952,64,"HLA-B;B2M;HLA-A;HLA-E;HLA-C;TAP1;PSME2;TAPBP;PSMA7;UBC;CALR;PSMB6;PSMB8;UBB;PSMB5;UBA52;PDIA3;CYBA;PSMB3;PSMD9;PSMA3;SEC61G;PSMC3;PSMB1;SEC61B;PSMC5;PSMB2;PSMA4;CTSL;PSMD8;ITGB5;PSMD2;PSMB7;PSMC4;PSMC2;PSMD14;PSMD11;PSMB9;PSMD7;PSMC1;PSME1;PSMA5;PSMA2;PSMD12;PSMD1;PSMD4;MRC2;PSMA1;SEC61A1"
"Interferon gamma signaling Homo sapiens R-HSA-877300",2.8724294462141e-08,4.46956867285127e-06,0.73376198835648,0.55214406419984,3.15918232791825,36,"GBP1;HLA-B;B2M;HLA-A;SOCS1;HLA-E;HLA-C;STAT1;TRIM38;GBP3;MT2A;TRIM25;SOCS3;PML;TRIM22;SP100;TRIM5;IRF2;SUMO1"
"ER-Phagosome pathway Homo sapiens R-HSA-1236974",8.13092360104852e-09,1.63790924702751e-06,0.747739663149885,0.448343564786472,3.13877588886873,58,"HLA-B;B2M;HLA-A;HLA-E;HLA-C;TAP1;PSME2;TAPBP;PSMA7;UBC;CALR;PSMB6;PSMB8;UBB;PSMB5;UBA52;PDIA3;PSMB3;PSMD9;PSMA3;SEC61G;PSMC3;PSMB1;SEC61B;PSMC5;PSMB2;PSMA4;PSMD8;PSMD2;PSMB7;PSMC4;PSMC2;PSMD14;PSMD11;PSMB9;PSMD7;PSMC1;PSME1;PSMA5;PSMA2;PSMD12;PSMD1;PSMD4"
"Translation Homo sapiens R-HSA-72766",8.95032375424869e-09,1.63790924702751e-06,0.747739663149885,0.432638566537666,3.06206367197338,65,"EEF1A1;EEF2;EEF1B2;UBA52;SSR4;SSR2;EEF1D;SRP14;FAU;EIF4EBP1;EIF3F;EIF3K;SRP9;TRMT112;EIF3L;PABPC1;SEC61G;EIF2S2;DDOST;SPCS1;EIF4A1;SEC11A;EIF4A2;SPCS3;EIF1AX;SPCS2;SEC61B;EIF5B;SSR1;EIF3E;RPN1;EIF3H;RPN2;TRAM1;EIF3I;EIF5;EIF3D;EIF3G;SSR3;SEC11C"
"Detoxification of Reactive Oxygen Species Homo sapiens R-HSA-3299685",1.09854402617439e-06,6.72564425586879e-05,0.643551836150722,0.608421614071905,3.06006297062525,23,"SOD2;GSTP1;PRDX5;P4HB;PRDX1;ATOX1;CYBA;PRDX2;GPX1;SOD1;TXN;GPX7;PRDX6;PRDX3;TXN2;GPX8;CYCS"
"Platelet degranulation Homo sapiens R-HSA-114608",2.12269436380358e-07,1.82801444035791e-05,0.690132458796796,0.463895108683707,2.94745908844727,48,"FN1;THBS1;SPARC;TIMP1;CFL1;PFN1;CD63;ALDOA;PPIA;CALU;TMSB4X;ISLR;SOD1;TGFB1;PSAP;SERPING1;HSPA5;APLP2;CAP1;CALM1;TIMP3;WDR1;VEGFC;LGALS3BP;CDC37L1;ACTN4;GAS6;FAM3C;SERPINE1;CLU;A1BG;ECM1;FLNA"
"Antigen Presentation: Folding, assembly and peptide loading of class I MHC Homo sapiens R-HSA-983170",3.39902457715955e-06,0.000146357999440047,0.627256739718528,0.623368028368199,2.93396247478214,20,"HLA-B;B2M;HLA-A;HLA-E;HLA-C;TAP1;TAPBP;CALR;PDIA3;HSPA5"
"Interferon Signaling Homo sapiens R-HSA-913531",5.95837501331535e-11,4.36153050974683e-08,0.839088935621274,0.38893606765137,2.93265721601513,100,"GBP1;EGR1;ISG15;HLA-B;IFI6;B2M;HLA-A;IFITM3;SOCS1;HLA-E;HLA-C;STAT1;TRIM38;GBP3;IFITM1;MT2A;IFI27;STAT2;XAF1;IFI35;TRIM25;SAMHD1;SOCS3;PML;UBC;ADAR;TRIM22;PSMB8;UBB;UBA52;SP100;TRIM5;IRF2;SUMO1;PIN1"
"SCF(Skp2)-mediated degradation of p27/p21 Homo sapiens R-HSA-187577",3.74133516651691e-07,2.60824508751465e-05,0.674962860011025,0.421509430492742,2.8970170075433,53,"PSME2;PSMA7;UBC;PSMB6;PSMB8;UBB;PSMB5;UBA52;CDKN1A;PSMB3;PSMD9;SKP1;CKS1B;PSMA3;CCND1;PSMC3;PSMB1;CCNA2;CDK4;PSMC5;PSMB2;PSMA4;PSMD8;PSMD2;PSMB7;PSMC4;PSMC2;PSMD14;PSMD11;PSMB9;PSMD7;PSMC1;PSME1;PSMA5;PSMA2;PSMD12;PSMD1;PSMD4"
"Smooth Muscle Contraction Homo sapiens R-HSA-445355",4.81696152012789e-06,0.000190595450418033,0.610526878385931,0.575541013003261,2.89468963829296,23,"MYL6;ANXA2;CALD1;MYL9;TPM4;MYL12B;TPM1;CALM1;ANXA6;TPM3;ANXA1;MYL12A;MYL6B;ITGB5;TPM2"
"SRP-dependent cotranslational protein targeting to membrane Homo sapiens R-HSA-1799339",1.09695978739861e-06,6.72564425586879e-05,0.643551836150722,0.571998188316758,2.87607567262612,25,"UBA52;SSR4;SSR2;SRP14;FAU;SRP9;SEC61G;DDOST;SPCS1;SEC11A;SPCS3;SPCS2;SEC61B;SSR1;RPN1;RPN2;TRAM1;SSR3;SEC11C"
"Respiratory electron transport, ATP synthesis by chemiosmotic coupling, and heat production by uncoupling proteins. Homo sapiens R-HSA-163200",1.79992547540819e-10,8.78363631999199e-08,0.826657301178302,0.380158890540846,2.8282409922495,103,"NDUFA4;COX6A1;NDUFB11;NDUFB10;UQCRQ;COX8A;ATP5D;COX4I1;NDUFA11;UQCRH;ATP5G2;NDUFB8;NDUFAF3;NDUFA13;ATP5L;ETFB;NDUFS5;NDUFS8;NDUFB2;COX5A;ATP5G3;NDUFS6;ATP5G1;COX5B;UQCR11;COX7A2L;NDUFB9;SCO2;ATP5O;ATP5J;ATP5H;NDUFA6;NDUFB7;UQCRB;NDUFC2;NDUFAF2;CYC1;NDUFAB1;UQCRFS1;COX6C;COX19;NDUFA8;NDUFB6;SDHD;ATP5B;NDUFS7;ATP5J2;SDHC;NDUFS4;ATP5C1;NDUFA12;ATP5A1;NDUFAF4;ATP5F1;ATP5E;COX14;CYCS;UQCRC1;COX6B1;NDUFV2;UQCR10"
"Eukaryotic Translation Elongation Homo sapiens R-HSA-156842",2.92566307053555e-09,7.13861789210674e-07,0.774939030136436,0.954139583239765,2.82322152672251,7,"EEF1A1;EEF2;EEF1B2;UBA52;EEF1D;FAU"
"Activation of APC/C and APC/C:Cdc20 mediated degradation of mitotic proteins Homo sapiens R-HSA-176814",7.2816862260718e-08,8.20029894997624e-06,0.704975715167238,0.383524645936704,2.80517796898512,69,"PSME2;PSMA7;UBC;ANAPC11;PSMB6;PSMB8;UBB;PSMB5;UBA52;PTTG1;PSMB3;PSMD9;PSMA3;PSMC3;PSMB1;CDC20;CCNA2;ANAPC15;CCNB1;UBE2C;PSMC5;PLK1;PSMB2;MAD2L1;BUB3;PSMA4;ANAPC16;PSMD8;PSMD2;PSMB7;CDK1;PSMC4;PSMC2;PSMD14;PSMD11;ANAPC7;PSMB9;PSMD7;CDC27;PSMC1;ANAPC5;PSME1;PSMA5;PSMA2;NEK2;PSMD12;PSMD1;PSMD4"
"Formation of ATP by chemiosmotic coupling Homo sapiens R-HSA-163210",4.73428180117871e-06,0.000190595450418033,0.610526878385931,0.665220255462433,2.78604240403541,16,"ATP5D;ATP5G2;ATP5L;ATP5G3;ATP5G1;ATP5O;ATP5J;ATP5H;ATP5B;ATP5J2;ATP5C1;ATP5A1;ATP5F1;ATP5E"
"APC/C-mediated degradation of cell cycle proteins Homo sapiens R-HSA-174143",3.57476263382079e-08,4.46956867285127e-06,0.719512826338911,0.374190593114929,2.75121024727099,77,"PSME2;PSMA7;UBC;ANAPC11;PSMB6;PSMB8;UBB;PSMB5;UBA52;PTTG1;PSMB3;PSMD9;SKP1;PSMA3;PSMC3;PSMB1;CDC20;CCNA2;ANAPC15;CCNB1;UBE2C;PSMC5;PLK1;PSMB2;AURKA;MAD2L1;BUB3;PSMA4;ANAPC16;AURKB;PSMD8;PSMD2;PSMB7;CDK1;PSMC4;PSMC2;PSMD14;PSMD11;ANAPC7;PSMB9;PSMD7;CDC27;PSMC1;ANAPC5;PSME1;FBXO5;PSMA5;PSMA2;NEK2;PSMD12;PSMD1;PSMD4"
"Regulation of mitotic cell cycle Homo sapiens R-HSA-453276",3.57476263382079e-08,4.46956867285127e-06,0.719512826338911,0.374190593114929,2.75121024727099,77,"PSME2;PSMA7;UBC;ANAPC11;PSMB6;PSMB8;UBB;PSMB5;UBA52;PTTG1;PSMB3;PSMD9;SKP1;PSMA3;PSMC3;PSMB1;CDC20;CCNA2;ANAPC15;CCNB1;UBE2C;PSMC5;PLK1;PSMB2;AURKA;MAD2L1;BUB3;PSMA4;ANAPC16;AURKB;PSMD8;PSMD2;PSMB7;CDK1;PSMC4;PSMC2;PSMD14;PSMD11;ANAPC7;PSMB9;PSMD7;CDC27;PSMC1;ANAPC5;PSME1;FBXO5;PSMA5;PSMA2;NEK2;PSMD12;PSMD1;PSMD4"
"APC/C:Cdc20 mediated degradation of mitotic proteins Homo sapiens R-HSA-176409",3.40957351520117e-07,2.60824508751465e-05,0.674962860011025,0.3791979532651,2.71694267602885,68,"PSME2;PSMA7;UBC;ANAPC11;PSMB6;PSMB8;UBB;PSMB5;UBA52;PTTG1;PSMB3;PSMD9;PSMA3;PSMC3;PSMB1;CDC20;CCNA2;ANAPC15;CCNB1;UBE2C;PSMC5;PSMB2;MAD2L1;BUB3;PSMA4;ANAPC16;PSMD8;PSMD2;PSMB7;CDK1;PSMC4;PSMC2;PSMD14;PSMD11;ANAPC7;PSMB9;PSMD7;CDC27;PSMC1;ANAPC5;PSME1;PSMA5;PSMA2;NEK2;PSMD12;PSMD1;PSMD4"
"APC:Cdc20 mediated degradation of cell cycle proteins prior to satisfation of the cell cycle checkpoint Homo sapiens R-HSA-179419",1.14850482511421e-06,6.72564425586879e-05,0.643551836150722,0.369141434781057,2.65252549780365,66,"PSME2;PSMA7;UBC;ANAPC11;PSMB6;PSMB8;UBB;PSMB5;UBA52;PSMB3;PSMD9;PSMA3;PSMC3;PSMB1;CDC20;CCNA2;ANAPC15;UBE2C;PSMC5;PSMB2;MAD2L1;BUB3;PSMA4;ANAPC16;PSMD8;PSMD2;PSMB7;CDK1;PSMC4;PSMC2;PSMD14;PSMD11;ANAPC7;PSMB9;PSMD7;CDC27;PSMC1;ANAPC5;PSME1;PSMA5;PSMA2;NEK2;PSMD12;PSMD1;PSMD4"
"The role of GTSE1 in G2/M progression after G2 checkpoint Homo sapiens R-HSA-8852276",1.67532579406738e-06,8.4575067672919e-05,0.643551836150722,0.389596072107568,2.6508279870861,56,"PSME2;PSMA7;UBC;PSMB6;PSMB8;UBB;PSMB5;UBA52;CDKN1A;PSMB3;PSMD9;PSMA3;PSMC3;PSMB1;CCNB2;CCNB1;HSP90AA1;PSMC5;GTSE1;PLK1;PSMB2;PSMA4;PSMD8;PSMD2;PSMB7;CDK1;PSMC4;PSMC2;PSMD14;PSMD11;PSMB9;MAPRE1;PSMD7;PSMC1;PSME1;PSMA5;PSMA2;PSMD12;PSMD1;PSMD4"
"Regulation of APC/C activators between G1/S and early anaphase Homo sapiens R-HSA-176408",2.78114534165837e-07,2.26199821121547e-05,0.674962860011025,0.363129332455305,2.63386206006169,72,"PSME2;PSMA7;UBC;ANAPC11;PSMB6;PSMB8;UBB;PSMB5;UBA52;PSMB3;PSMD9;SKP1;PSMA3;PSMC3;PSMB1;CDC20;CCNA2;ANAPC15;CCNB1;UBE2C;PSMC5;PLK1;PSMB2;MAD2L1;BUB3;PSMA4;ANAPC16;PSMD8;PSMD2;PSMB7;CDK1;PSMC4;PSMC2;PSMD14;PSMD11;ANAPC7;PSMB9;PSMD7;CDC27;PSMC1;ANAPC5;PSME1;FBXO5;PSMA5;PSMA2;PSMD12;PSMD1;PSMD4"
"Cdc20:Phospho-APC/C mediated degradation of Cyclin A Homo sapiens R-HSA-174184",2.59323504931318e-06,0.000118640503506078,0.627256739718528,0.365470375749803,2.58667083177964,65,"PSME2;PSMA7;UBC;ANAPC11;PSMB6;PSMB8;UBB;PSMB5;UBA52;PSMB3;PSMD9;PSMA3;PSMC3;PSMB1;CDC20;CCNA2;ANAPC15;UBE2C;PSMC5;PSMB2;MAD2L1;BUB3;PSMA4;ANAPC16;PSMD8;PSMD2;PSMB7;CDK1;PSMC4;PSMC2;PSMD14;PSMD11;ANAPC7;PSMB9;PSMD7;CDC27;PSMC1;ANAPC5;PSME1;PSMA5;PSMA2;PSMD12;PSMD1;PSMD4"
"Respiratory electron transport Homo sapiens R-HSA-611105",3.73772323031105e-07,2.60824508751465e-05,0.674962860011025,0.339272295113773,2.57361899517359,86,"NDUFA4;COX6A1;NDUFB11;NDUFB10;UQCRQ;COX8A;COX4I1;NDUFA11;UQCRH;NDUFB8;NDUFAF3;NDUFA13;ETFB;NDUFS5;NDUFS8;NDUFB2;COX5A;NDUFS6;COX5B;UQCR11;COX7A2L;NDUFB9;SCO2;NDUFA6;NDUFB7;UQCRB;NDUFC2;NDUFAF2;CYC1;NDUFAB1;UQCRFS1;COX6C;COX19;NDUFA8;NDUFB6;SDHD;NDUFS7;SDHC;NDUFS4;NDUFA12;NDUFAF4;COX14;CYCS;UQCRC1;COX6B1;NDUFV2;UQCR10"
"Endosomal/Vacuolar pathway Homo sapiens R-HSA-1236977",4.99840479433551e-06,0.000192570121550189,0.610526878385931,0.8690342028988,2.57140161898671,7,"HLA-B;B2M;HLA-A;HLA-E;HLA-C"
"p75NTR signals via NF-kB Homo sapiens R-HSA-193639",0.000137160881617485,0.00275073329709586,0.518848077743792,0.661659931299834,2.55731132461142,13,"NFKBIA;UBC;UBB;UBA52;RIPK2;MYD88;NFKB1;SQSTM1;NGF;RELA"
"Cyclin E associated events during G1/S transition Homo sapiens R-HSA-69202",1.24212266815872e-06,6.9448219828233e-05,0.643551836150722,0.371811751601,2.55530211467092,61,"PSME2;PSMA7;UBC;PSMB6;PSMB8;UBB;PSMB5;UBA52;CDKN1A;PSMB3;PSMD9;SKP1;CKS1B;PSMA3;MYC;CCND1;PSMC3;PSMB1;CCNA2;CDK4;PSMC5;PSMB2;PSMA4;PSMD8;PSMD2;PSMB7;PSMC4;PSMC2;CCNH;PSMD14;PSMD11;PKMYT1;PSMB9;PSMD7;PSMC1;PSME1;PSMA5;PSMA2;PSMD12;PSMD1;PSMD4"
"AUF1 (hnRNP D0) binds and destabilizes mRNA Homo sapiens R-HSA-450408",6.83302539823509e-06,0.000246876414803168,0.610526878385931,0.389892082191169,2.54810965770555,51,"PSME2;PSMA7;UBC;PSMB6;PSMB8;UBB;PSMB5;UBA52;HSPB1;PSMB3;PSMD9;HSPA8;PABPC1;PSMA3;PSMC3;PSMB1;PSMC5;PSMB2;PSMA4;PSMD8;PSMD2;PSMB7;HNRNPD;PSMC4;PSMC2;PSMD14;PSMD11;PSMB9;PSMD7;PSMC1;PSME1;PSMA5;PSMA2;PSMD12;PSMD1;PSMD4"
"Response to elevated platelet cytosolic Ca2+ Homo sapiens R-HSA-76005",6.91388866593572e-06,0.000246876414803168,0.610526878385931,0.389684860316671,2.54675537511348,51,"FN1;THBS1;SPARC;TIMP1;CFL1;PFN1;CD63;ALDOA;PPIA;CALU;TMSB4X;ISLR;SOD1;TGFB1;PSAP;SERPING1;HSPA5;APLP2;CAP1;CALM1;TIMP3;WDR1;VEGFC;LGALS3BP;CDC37L1;ACTN4;GAS6;FAM3C;SERPINE1;CLU;A1BG;ECM1;FLNA"
"Ubiquitin-dependent degradation of Cyclin D Homo sapiens R-HSA-75815",3.23286603577653e-05,0.000845163549353008,0.557332238758646,0.39782414935917,2.52062375828557,47,"PSME2;PSMA7;UBC;PSMB6;PSMB8;UBB;PSMB5;UBA52;PSMB3;PSMD9;PSMA3;CCND1;PSMC3;PSMB1;CDK4;PSMC5;PSMB2;PSMA4;PSMD8;PSMD2;PSMB7;PSMC4;PSMC2;PSMD14;PSMD11;PSMB9;PSMD7;PSMC1;PSME1;PSMA5;PSMA2;PSMD12;PSMD1;PSMD4"
"Ubiquitin-dependent degradation of Cyclin D1 Homo sapiens R-HSA-69229",3.23286603577653e-05,0.000845163549353008,0.557332238758646,0.39782414935917,2.52062375828557,47,"PSME2;PSMA7;UBC;PSMB6;PSMB8;UBB;PSMB5;UBA52;PSMB3;PSMD9;PSMA3;CCND1;PSMC3;PSMB1;CDK4;PSMC5;PSMB2;PSMA4;PSMD8;PSMD2;PSMB7;PSMC4;PSMC2;PSMD14;PSMD11;PSMB9;PSMD7;PSMC1;PSME1;PSMA5;PSMA2;PSMD12;PSMD1;PSMD4"
"Formation of tubulin folding intermediates by CCT/TriC Homo sapiens R-HSA-389960",0.000170297055824226,0.00323785571073594,0.518848077743792,0.632997772467804,2.51136281293739,14,"TUBA1B;TUBB6;TUBB4B;TUBA1A;TUBA1C;CCT3;CCT6A;CCT5;TCP1;CCT7;TUBB2A;CCT4;CCT2"
"APC/C:Cdh1 mediated degradation of Cdc20 and other APC/C:Cdh1 targeted proteins in late mitosis/early G1 Homo sapiens R-HSA-174178",1.28080733289774e-06,6.9448219828233e-05,0.643551836150722,0.353048181546015,2.50710843348749,67,"PSME2;PSMA7;UBC;ANAPC11;PSMB6;PSMB8;UBB;PSMB5;UBA52;PTTG1;PSMB3;PSMD9;PSMA3;PSMC3;PSMB1;CDC20;ANAPC15;UBE2C;PSMC5;PLK1;PSMB2;AURKA;PSMA4;ANAPC16;AURKB;PSMD8;PSMD2;PSMB7;PSMC4;PSMC2;PSMD14;PSMD11;ANAPC7;PSMB9;PSMD7;CDC27;PSMC1;ANAPC5;PSME1;PSMA5;PSMA2;PSMD12;PSMD1;PSMD4"
"Dectin-1 mediated noncanonical NF-kB signaling Homo sapiens R-HSA-5607761",1.682311811051e-05,0.000502633569669115,0.575610261071129,0.364644208558824,2.50618467221997,53,"PSME2;PSMA7;UBC;PSMB6;PSMB8;UBB;PSMB5;UBA52;RELB;PSMB3;PSMD9;SKP1;PSMA3;RELA;PSMC3;PSMB1;PSMC5;PSMB2;PSMA4;PSMD8;PSMD2;PSMB7;PSMC4;PSMC2;PSMD14;PSMD11;PSMB9;UBE2M;PSMD7;PSMC1;PSME1;PSMA5;PSMA2;PSMD12;PSMD1;PSMD4"
"Cyclin A:Cdk2-associated events at S phase entry Homo sapiens R-HSA-69656",3.97758672046801e-06,0.000166376770250433,0.610526878385931,0.363505284835774,2.49925602134098,62,"PSME2;PSMA7;UBC;PSMB6;PSMB8;UBB;PSMB5;UBA52;CDKN1A;PSMB3;PSMD9;SKP1;CKS1B;PSMA3;MYC;CCND1;PSMC3;PSMB1;CCNA2;CDK4;PSMC5;PSMB2;PSMA4;PSMD8;PSMD2;PSMB7;PSMC4;PSMC2;CCNH;PSMD14;PSMD11;PSMB9;CDC25B;PSMD7;PSMC1;PSME1;PSMA5;PSMA2;PSMD12;PSMD1;PSMD4"
"SCF-beta-TrCP mediated degradation of Emi1 Homo sapiens R-HSA-174113",1.38439626536899e-05,0.000450390251666711,0.593325476396405,0.38489105624455,2.48729938792925,50,"PSME2;PSMA7;UBC;PSMB6;PSMB8;UBB;PSMB5;UBA52;PSMB3;PSMD9;SKP1;PSMA3;PSMC3;PSMB1;CDC20;PSMC5;PSMB2;PSMA4;PSMD8;PSMD2;PSMB7;PSMC4;PSMC2;PSMD14;PSMD11;PSMB9;PSMD7;PSMC1;PSME1;FBXO5;PSMA5;PSMA2;PSMD12;PSMD1;PSMD4"
"NF-kB is activated and signals survival Homo sapiens R-HSA-209560",7.16013144188851e-05,0.00161268191244997,0.538434096309916,0.721040392385742,2.48047238491115,10,"NFKBIA;UBC;UBB;UBA52;NFKB1;SQSTM1;NGF;RELA"
"Vif-mediated degradation of APOBEC3G Homo sapiens R-HSA-180585",1.56898030711702e-05,0.000488988715345531,0.575610261071129,0.38322661294416,2.47654317851587,50,"PSME2;PSMA7;UBC;PSMB6;PSMB8;UBB;PSMB5;UBA52;PSMB3;PSMD9;TCEB2;APOBEC3G;PSMA3;PSMC3;PSMB1;PSMC5;PSMB2;TCEB1;PSMA4;RBX1;PSMD8;PSMD2;PSMB7;PSMC4;PSMC2;PSMD14;PSMD11;PSMB9;PSMD7;PSMC1;PSME1;PSMA5;PSMA2;PSMD12;PSMD1;PSMD4"
"Cooperation of Prefoldin and TriC/CCT  in actin and tubulin folding Homo sapiens R-HSA-389958",0.000229854261044888,0.00410373948987458,0.518848077743792,0.522216467486321,2.45972897649913,21,"ACTB;TUBA1B;PFDN5;TUBB6;TUBB4B;TUBA1A;TUBA1C;CCT3;CCT6A;CCT5;PFDN2;TCP1;CCT7;VBP1;TUBB2A;CCT4;CCT2"
"G1/S Transition Homo sapiens R-HSA-69206",2.03645695649309e-07,1.82801444035791e-05,0.690132458796796,0.326231590293433,2.43622855902336,92,"PSME2;PSMA7;UBC;PSMB6;PSMB8;UBB;PSMB5;UBA52;CDKN1A;PSMB3;PSMD9;SKP1;CKS1B;PSMA3;TYMS;TFDP1;RPA3;MYC;CCND1;PSMC3;PSMB1;CCNA2;CDK4;CCNB1;PSMC5;PSMB2;PSMA4;ORC6;PSMD8;PSMD2;PSMB7;RRM2;CDK1;DBF4;PSMC4;PSMC2;CCNH;PCNA;PSMD14;PSMD11;PKMYT1;RPA1;DHFR;PSMB9;PSMD7;MCM7;PSMC1;MCM5;PSME1;POLA2;FBXO5;PSMA5;PSMA2;PSMD12;RPA2;MCM8;PSMD1;PPP2CA;PSMD4;CDT1;PSMA1;MCM4;CDK2;PPP2CB;PPP2R1A"
"Hedgehog ligand biogenesis Homo sapiens R-HSA-5358346",3.77515759129831e-05,0.00096961942344925,0.557332238758646,0.35243016396417,2.42223804526019,53,"PSME2;PSMA7;UBC;P4HB;PSMB6;PSMB8;UBB;PSMB5;UBA52;PSMB3;PSMD9;PSMA3;PSMC3;PSMB1;PSMC5;PSMB2;ERLEC1;PSMA4;PSMD8;PSMD2;PSMB7;PSMC4;PSMC2;PSMD14;PSMD11;DERL2;VCP;PSMB9;PSMD7;PSMC1;PSME1;PSMA5;PSMA2;PSMD12;PSMD1;PSMD4;OS9;PSMA1"
"APC/C:Cdc20 mediated degradation of Securin Homo sapiens R-HSA-174154",9.12840494446469e-06,0.000318190115207055,0.593325476396405,0.351942224311817,2.41975498010389,62,"PSME2;PSMA7;UBC;ANAPC11;PSMB6;PSMB8;UBB;PSMB5;UBA52;PTTG1;PSMB3;PSMD9;PSMA3;PSMC3;PSMB1;CDC20;ANAPC15;UBE2C;PSMC5;PSMB2;PSMA4;ANAPC16;PSMD8;PSMD2;PSMB7;PSMC4;PSMC2;PSMD14;PSMD11;ANAPC7;PSMB9;PSMD7;CDC27;PSMC1;ANAPC5;PSME1;PSMA5;PSMA2;PSMD12;PSMD1;PSMD4"
"Hh mutants abrogate ligand secretion Homo sapiens R-HSA-5387390",2.49894656561494e-05,0.000690275051332127,0.575610261071129,0.370086683001281,2.41867299752294,51,"PSME2;PSMA7;UBC;PSMB6;PSMB8;UBB;PSMB5;UBA52;PSMB3;PSMD9;PSMA3;PSMC3;PSMB1;PSMC5;PSMB2;ERLEC1;PSMA4;PSMD8;PSMD2;PSMB7;PSMC4;PSMC2;PSMD14;PSMD11;DERL2;VCP;PSMB9;PSMD7;PSMC1;PSME1;PSMA5;PSMA2;PSMD12;PSMD1;PSMD4;OS9;PSMA1"
"Hh mutants that don't undergo autocatalytic processing are degraded by ERAD Homo sapiens R-HSA-5362768",2.49894656561494e-05,0.000690275051332127,0.575610261071129,0.370086683001281,2.41867299752294,51,"PSME2;PSMA7;UBC;PSMB6;PSMB8;UBB;PSMB5;UBA52;PSMB3;PSMD9;PSMA3;PSMC3;PSMB1;PSMC5;PSMB2;ERLEC1;PSMA4;PSMD8;PSMD2;PSMB7;PSMC4;PSMC2;PSMD14;PSMD11;DERL2;VCP;PSMB9;PSMD7;PSMC1;PSME1;PSMA5;PSMA2;PSMD12;PSMD1;PSMD4;OS9;PSMA1"
"Autodegradation of Cdh1 by Cdh1:APC/C Homo sapiens R-HSA-174084",1.29015316744652e-05,0.000429269144804934,0.593325476396405,0.352773781480361,2.41717380068161,60,"PSME2;PSMA7;UBC;ANAPC11;PSMB6;PSMB8;UBB;PSMB5;UBA52;PSMB3;PSMD9;PSMA3;PSMC3;PSMB1;ANAPC15;UBE2C;PSMC5;PSMB2;PSMA4;ANAPC16;PSMD8;PSMD2;PSMB7;PSMC4;PSMC2;PSMD14;PSMD11;ANAPC7;PSMB9;PSMD7;CDC27;PSMC1;ANAPC5;PSME1;PSMA5;PSMA2;PSMD12;PSMD1;PSMD4"
"Vpu mediated degradation of CD4 Homo sapiens R-HSA-180534",1.96857582653864e-05,0.000576399002010514,0.575610261071129,0.392265247907355,2.41548273564016,46,"PSME2;PSMA7;UBC;PSMB6;PSMB8;UBB;PSMB5;UBA52;PSMB3;PSMD9;SKP1;PSMA3;PSMC3;PSMB1;PSMC5;PSMB2;PSMA4;PSMD8;PSMD2;PSMB7;PSMC4;PSMC2;PSMD14;PSMD11;PSMB9;PSMD7;PSMC1;PSME1;PSMA5;PSMA2;PSMD12;PSMD1;PSMD4"
"Regulation of activated PAK-2p34 by proteasome mediated degradation Homo sapiens R-HSA-211733",2.29896117674064e-05,0.000659937090734959,0.575610261071129,0.390638182054608,2.40546362357753,46,"PSME2;PSMA7;UBC;PSMB6;PSMB8;UBB;PSMB5;UBA52;PSMB3;PSMD9;PSMA3;PSMC3;PSMB1;PSMC5;PSMB2;PSMA4;PSMD8;PSMD2;PSMB7;PSMC4;PAK2;PSMC2;PSMD14;PSMD11;PSMB9;PSMD7;PSMC1;PSME1;PSMA5;PSMA2;PSMD12;PSMD1;PSMD4"
"Prefoldin mediated transfer of substrate  to CCT/TriC Homo sapiens R-HSA-389957",0.000468814313069328,0.00693276923569188,0.49849310876659,0.511045201525916,2.40530052226048,20,"ACTB;PFDN5;TUBB6;TUBB4B;TUBA1A;TUBA1C;CCT3;CCT6A;CCT5;PFDN2;TCP1;CCT7;VBP1;TUBB2A;CCT4;CCT2"
"The citric acid (TCA) cycle and respiratory electron transport Homo sapiens R-HSA-1428517",7.35420313590248e-10,2.69163834774031e-07,0.801215574617779,0.314492814960119,2.4039205582394,137,"LDHA;BSG;NDUFA4;COX6A1;NDUFB11;NDUFB10;UQCRQ;COX8A;ATP5D;COX4I1;NDUFA11;UQCRH;ATP5G2;NDUFB8;NDUFAF3;NDUFA13;ATP5L;ETFB;NDUFS5;NDUFS8;NDUFB2;COX5A;ATP5G3;NDUFS6;LDHB;ATP5G1;COX5B;UQCR11;COX7A2L;NDUFB9;SCO2;ATP5O;ATP5J;IDH2;ATP5H;NDUFA6;NDUFB7;UQCRB;NDUFC2;NDUFAF2;CYC1;NDUFAB1;UQCRFS1;COX6C;MPC2;COX19;NDUFA8;NDUFB6;SDHD;ATP5B;SUCLG1;NDUFS7;MDH2;ATP5J2;SDHC;MPC1;NDUFS4;ATP5C1;NDUFA12;ATP5A1;NDUFAF4;ATP5F1;ATP5E;COX14;CYCS;UQCRC1;COX6B1;NDUFV2;UQCR10"
"Mitotic G1-G1/S phases Homo sapiens R-HSA-453279",8.0114265016013e-08,8.3776631416745e-06,0.704975715167238,0.316513148021059,2.39637590251301,106,"PSME2;PSMA7;UBC;PSMB6;PSMB8;UBB;PSMB5;UBA52;CDKN1A;PSMB3;PSMD9;SKP1;CKS1B;PSMA3;TYMS;TFDP1;RPA3;MYC;CCND1;PSMC3;PSMB1;CCNA2;CDK4;CCNB1;TOP2A;PSMC5;PSMB2;PSMA4;ORC6;E2F4;PSMD8;PSMD2;PSMB7;CDKN2D;RRM2;CDK1;DBF4;CDKN2C;PSMC4;PSMC2;CCNH;PCNA;PSMD14;PSMD11;PKMYT1;PPP2R2A;RPA1;DHFR;PSMB9;PSMD7;MCM7;PSMC1;MYBL2;MCM5;PSME1;POLA2;FBXO5;PSMA5;PSMA2;PSMD12;RPA2;MCM8;PSMD1;PPP2CA;PSMD4;CDT1;CCND3;PSMA1;MCM4;CDK2;PPP2CB;PPP2R1A;MCM3;E2F3"
"Immunoregulatory interactions between a Lymphoid and a non-Lymphoid cell Homo sapiens R-HSA-198933",0.000491382882670643,0.00719384540229822,0.477270815362862,0.598401746616929,2.37410613277786,14,"HLA-B;B2M;HLA-A;HLA-E;HLA-C;IFITM1;ITGB1;CD81"
"Formation of a pool of free 40S subunits Homo sapiens R-HSA-72689",0.000696370908916299,0.00943969454308761,0.477270815362862,0.581782262115797,2.373751942527,15,"UBA52;FAU;EIF3F;EIF3K;EIF3L;EIF1AX;EIF3E;EIF3H;EIF3I;EIF3D;EIF3G;EIF3A;EIF3B"
"RHO GTPases activate PKNs Homo sapiens R-HSA-5625740",0.000264767083293179,0.00445539091886453,0.49849310876659,0.451406450188676,2.3724832305787,27,"MYL6;H2AFZ;RHOC;RHOB;MYL9;RAC1;YWHAQ;MYL12B;RHOA;H3F3A;YWHAH;YWHAB;HIST1H2AC"
"NIK-->noncanonical NF-kB signaling Homo sapiens R-HSA-5676590",5.05091162189367e-05,0.00125331095160209,0.557332238758646,0.358373023652405,2.37047349376334,52,"PSME2;PSMA7;UBC;PSMB6;PSMB8;UBB;PSMB5;UBA52;RELB;PSMB3;PSMD9;SKP1;PSMA3;PSMC3;PSMB1;PSMC5;PSMB2;PSMA4;PSMD8;PSMD2;PSMB7;PSMC4;PSMC2;PSMD14;PSMD11;PSMB9;UBE2M;PSMD7;PSMC1;PSME1;PSMA5;PSMA2;PSMD12;PSMD1;PSMD4"
"GTP hydrolysis and joining of the 60S ribosomal subunit Homo sapiens R-HSA-72706",0.000275595503018763,0.0045849070047667,0.49849310876659,0.456217691625779,2.36553428171444,26,"UBA52;FAU;EIF3F;EIF3K;EIF3L;EIF2S2;EIF4A1;EIF4A2;EIF1AX;EIF5B;EIF3E;EIF3H;EIF3I;EIF5;EIF3D;EIF3G;EIF4B;EIF3A;EIF3B;EIF2S1;EIF4E;EIF4H;EIF3J"
"RHO GTPases activate CIT Homo sapiens R-HSA-5625900",0.000608917921812575,0.00840996073144915,0.477270815362862,0.624315261349042,2.34253131346083,12,"MYL6;RHOC;RHOB;MYL9;RAC1;MYL12B;RHOA;PRC1;KIF14;CIT;MYH9"
"Degradation of AXIN Homo sapiens R-HSA-4641257",6.67698742518085e-05,0.00155160469689917,0.538434096309916,0.36012896218038,2.32727815488058,50,"PSME2;PSMA7;UBC;PSMB6;PSMB8;UBB;PSMB5;UBA52;PSMB3;PSMD9;SMURF2;PSMA3;PSMC3;PSMB1;PSMC5;PSMB2;PSMA4;PSMD8;PSMD2;PSMB7;PSMC4;PSMC2;PSMD14;PSMD11;PSMB9;PSMD7;PSMC1;PSME1;PSMA5;PSMA2;PSMD12;PSMD1;PSMD4"
"CDK-mediated phosphorylation and removal of Cdc6 Homo sapiens R-HSA-69017",0.000201383026237979,0.00368530938015502,0.518848077743792,0.366739877280366,2.32367303310446,47,"PSME2;PSMA7;UBC;PSMB6;PSMB8;UBB;PSMB5;UBA52;PSMB3;PSMD9;PSMA3;PSMC3;PSMB1;PSMC5;PSMB2;PSMA4;PSMD8;PSMD2;PSMB7;PSMC4;PSMC2;PSMD14;PSMD11;PSMB9;PSMD7;PSMC1;PSME1;PSMA5;PSMA2;PSMD12;PSMD1;PSMD4"
"Collagen formation Homo sapiens R-HSA-1474290",5.66222016533254e-05,0.00133701456807207,0.557332238758646,0.38599277569847,2.3160205436617,42,"COL1A1;COL1A2;COL6A2;PPIB;P4HB;CTSB;CD151;SERPINH1;LOXL1;PCOLCE;COL12A1;P4HA2;LOX;COL6A1;PLEC;CRTAP;COL6A3;LOXL2;COL3A1;PLOD1;CTSL;DST;COL5A1;COL16A1"
"Elastic fibre formation Homo sapiens R-HSA-1566948",0.000566565300065204,0.00808582083827946,0.477270815362862,0.459566902590181,2.31164839850177,24,"ITGB1;EFEMP2;TGFB1;LOXL1;LOX;FBLN1;ELN;FBLN5;MFAP5;FBLN2;LOXL2;FBN1;MFAP4;LTBP2;ITGB5"
"Senescence-Associated Secretory Phenotype (SASP) Homo sapiens R-HSA-2559582",8.53304572092101e-05,0.00186453416946692,0.538434096309916,0.376937386997329,2.30429077968914,44,"JUN;FOS;CEBPB;H2AFZ;UBC;ANAPC11;UBB;UBA52;CDKN1A;H3F3A;NFKB1;HIST1H2AC;RELA;IGFBP7;CCNA2;ANAPC15;CDK4;UBE2C;STAT3"
"Regulation of Apoptosis Homo sapiens R-HSA-169911",0.000247761632753517,0.00426732976883704,0.49849310876659,0.363109052300349,2.30066803523907,47,"PSME2;PSMA7;UBC;PSMB6;PSMB8;UBB;PSMB5;UBA52;PSMB3;PSMD9;PSMA3;PSMC3;PSMB1;PSMC5;PSMB2;PSMA4;PSMD8;PSMD2;PSMB7;PSMC4;PAK2;PSMC2;PSMD14;PSMD11;PSMB9;PSMD7;PSMC1;PSME1;PSMA5;PSMA2;PSMD12;PSMD1;PSMD4"
"DNA Replication Homo sapiens R-HSA-69306",1.63956941152165e-05,0.000500068670514102,0.575610261071129,0.306103901012405,2.2878923785986,83,"PSME2;PSMA7;UBC;PSMB6;PSMB8;UBB;PSMB5;UBA52;CDKN1A;POLD2;PSMB3;PSMD9;PSMA3;RPA3;PSMC3;PSMB1;CCNA2;PSMC5;PSMB2;PSMA4;ORC6;PSMD8;PSMD2;PSMB7;DBF4;GINS2;PSMC4;PSMC2;RFC2;PCNA;PSMD14;PSMD11;GMNN;RPA1;PSMB9;PSMD7;MCM7;PSMC1;MCM5;PSME1;POLA2;PSMA5;PSMA2;PSMD12;RPA2;MCM8;PSMD1;PSMD4;POLD3;CDT1;PSMA1;FEN1;MCM4;CDK2;MCM3;E2F3;RFC4;RFC5;PSMC6;FZR1;LIG1;PSMD6;PRIM2"
"Cytokine Signaling in Immune system Homo sapiens R-HSA-1280215",3.66358087938629e-08,4.46956867285127e-06,0.719512826338911,0.214339165279817,2.28044191295058,285,"GBP1;EGR1;ISG15;HLA-B;IFI6;B2M;HLA-A;FN1;IFITM3;SOCS1;IL32;HLA-E;HLA-C;STAT1;TRIM38;DUSP1;GBP3;IFITM1;MT2A;IFI27;STAT2;PSME2;XAF1;IFI35;TRIM25;SAMHD1;SOCS3;PML;PSMA7;IL7R;UBC;ADAR;TRIM22;PSMB6;TNFRSF12A;PSMB8;UBB;PSMB5;UBA52;RIPK2;DUSP5;RELB;LAMTOR2;BIRC2;PSMB3;PSMD9;MYD88;SP100;FGF2;SKP1;TRIM5;FGF7;IRF2;SUMO1;YWHAB;NFKB1;SQSTM1;PSMA3;PIN1;PHB"
"Degradation of GLI2 by the proteasome Homo sapiens R-HSA-5610783",7.45564480645288e-05,0.00165379757524955,0.538434096309916,0.34890827121772,2.28026311934004,51,"PSME2;PSMA7;UBC;PSMB6;PSMB8;UBB;PSMB5;UBA52;PSMB3;PSMD9;SKP1;PSMA3;PSMC3;PSMB1;PSMC5;PSMB2;PSMA4;RBX1;PSMD8;PSMD2;PSMB7;PSMC4;PSMC2;PSMD14;PSMD11;PSMB9;PSMD7;PSMC1;PSME1;PSMA5;PSMA2;PSMD12;PSMD1;PSMD4"
"CDT1 association with the CDC6:ORC:origin complex Homo sapiens R-HSA-68827",0.000110686236990965,0.00234699437228677,0.538434096309916,0.344381119604012,2.27792345376322,52,"PSME2;PSMA7;UBC;PSMB6;PSMB8;UBB;PSMB5;UBA52;PSMB3;PSMD9;PSMA3;PSMC3;PSMB1;PSMC5;PSMB2;PSMA4;ORC6;PSMD8;PSMD2;PSMB7;PSMC4;PSMC2;PSMD14;PSMD11;GMNN;PSMB9;PSMD7;PSMC1;PSME1;PSMA5;PSMA2;PSMD12;MCM8;PSMD1;PSMD4;CDT1;PSMA1"
"3' -UTR-mediated translational regulation Homo sapiens R-HSA-157279",0.000344809846407179,0.00539167196705672,0.49849310876659,0.452180661641154,2.27361874065573,25,"UBA52;FAU;EIF3F;EIF3K;EIF3L;PABPC1;EIF2S2;EIF4A1;EIF4A2;EIF1AX;EIF3E;EIF3H;EIF3I;EIF3D;EIF3G;EIF4B;EIF3A;EIF3B;EIF2S1;EIF4E;EIF4H;EIF3J"
"L13a-mediated translational silencing of Ceruloplasmin expression Homo sapiens R-HSA-156827",0.000344809846407179,0.00539167196705672,0.49849310876659,0.452180661641154,2.27361874065573,25,"UBA52;FAU;EIF3F;EIF3K;EIF3L;PABPC1;EIF2S2;EIF4A1;EIF4A2;EIF1AX;EIF3E;EIF3H;EIF3I;EIF3D;EIF3G;EIF4B;EIF3A;EIF3B;EIF2S1;EIF4E;EIF4H;EIF3J"
"Activation of the mRNA upon binding of the cap-binding complex and eIFs, and subsequent binding to 43S Homo sapiens R-HSA-72662",0.000357235096177938,0.00539167196705672,0.49849310876659,0.452028927881179,2.27285580506486,25,"FAU;EIF4EBP1;EIF3F;EIF3K;EIF3L;PABPC1;EIF2S2;EIF4A1;EIF4A2;EIF1AX;EIF3E;EIF3H;EIF3I;EIF3D;EIF3G;EIF4B;EIF3A;EIF3B;EIF2S1;EIF4E;EIF4H;EIF3J"
"DNA Replication Pre-Initiation Homo sapiens R-HSA-69002",5.28539734910631e-05,0.00126849536378551,0.557332238758646,0.314138330449529,2.25729179345327,66,"PSME2;PSMA7;UBC;PSMB6;PSMB8;UBB;PSMB5;UBA52;PSMB3;PSMD9;PSMA3;RPA3;PSMC3;PSMB1;PSMC5;PSMB2;PSMA4;ORC6;PSMD8;PSMD2;PSMB7;DBF4;PSMC4;PSMC2;PSMD14;PSMD11;GMNN;RPA1;PSMB9;PSMD7;MCM7;PSMC1;MCM5;PSME1;POLA2;PSMA5;PSMA2;PSMD12;RPA2;MCM8;PSMD1;PSMD4;CDT1;PSMA1;MCM4;CDK2;MCM3;E2F3"
"M/G1 Transition Homo sapiens R-HSA-68874",5.28539734910631e-05,0.00126849536378551,0.557332238758646,0.314138330449529,2.25729179345327,66,"PSME2;PSMA7;UBC;PSMB6;PSMB8;UBB;PSMB5;UBA52;PSMB3;PSMD9;PSMA3;RPA3;PSMC3;PSMB1;PSMC5;PSMB2;PSMA4;ORC6;PSMD8;PSMD2;PSMB7;DBF4;PSMC4;PSMC2;PSMD14;PSMD11;GMNN;RPA1;PSMB9;PSMD7;MCM7;PSMC1;MCM5;PSME1;POLA2;PSMA5;PSMA2;PSMD12;RPA2;MCM8;PSMD1;PSMD4;CDT1;PSMA1;MCM4;CDK2;MCM3;E2F3"
"Ubiquitin Mediated Degradation of Phosphorylated Cdc25A Homo sapiens R-HSA-69601",0.000355694402033761,0.00539167196705672,0.49849310876659,0.355851417577386,2.25468348015078,47,"PSME2;PSMA7;UBC;PSMB6;PSMB8;UBB;PSMB5;UBA52;PSMB3;PSMD9;PSMA3;PSMC3;PSMB1;PSMC5;PSMB2;PSMA4;PSMD8;PSMD2;PSMB7;PSMC4;PSMC2;PSMD14;PSMD11;PSMB9;PSMD7;PSMC1;PSME1;PSMA5;PSMA2;PSMD12;PSMD1;PSMD4"
"p53-Independent DNA Damage Response Homo sapiens R-HSA-69610",0.000355694402033761,0.00539167196705672,0.49849310876659,0.355851417577386,2.25468348015078,47,"PSME2;PSMA7;UBC;PSMB6;PSMB8;UBB;PSMB5;UBA52;PSMB3;PSMD9;PSMA3;PSMC3;PSMB1;PSMC5;PSMB2;PSMA4;PSMD8;PSMD2;PSMB7;PSMC4;PSMC2;PSMD14;PSMD11;PSMB9;PSMD7;PSMC1;PSME1;PSMA5;PSMA2;PSMD12;PSMD1;PSMD4"
"p53-Independent G1/S DNA damage checkpoint Homo sapiens R-HSA-69613",0.000355694402033761,0.00539167196705672,0.49849310876659,0.355851417577386,2.25468348015078,47,"PSME2;PSMA7;UBC;PSMB6;PSMB8;UBB;PSMB5;UBA52;PSMB3;PSMD9;PSMA3;PSMC3;PSMB1;PSMC5;PSMB2;PSMA4;PSMD8;PSMD2;PSMB7;PSMC4;PSMC2;PSMD14;PSMD11;PSMB9;PSMD7;PSMC1;PSME1;PSMA5;PSMA2;PSMD12;PSMD1;PSMD4"
"Fanconi Anemia Pathway Homo sapiens R-HSA-6783310",0.00161916459690711,0.0182342843836308,0.45505986738723,0.55251702219352,2.25434572367566,15,"UBC;UBB;UBA52;STRA13;RPA3;UBE2T;USP1;MUS81;RPA1;FANCA;RPA2;APITD1;FANCI"
"Translation initiation complex formation Homo sapiens R-HSA-72649",0.00101562416051664,0.0127083228290287,0.45505986738723,0.445565032110178,2.24121817106655,24,"FAU;EIF3F;EIF3K;EIF3L;PABPC1;EIF2S2;EIF4A1;EIF4A2;EIF1AX;EIF3E;EIF3H;EIF3I;EIF3D;EIF3G;EIF4B;EIF3A;EIF3B;EIF2S1;EIF4E;EIF4H;EIF3J"
"Ribosomal scanning and start codon recognition Homo sapiens R-HSA-72702",0.00105665811180493,0.01299955861918,0.45505986738723,0.444511118906759,2.23591692601363,24,"FAU;EIF3F;EIF3K;EIF3L;EIF2S2;EIF4A1;EIF4A2;EIF1AX;EIF3E;EIF3H;EIF3I;EIF5;EIF3D;EIF3G;EIF4B;EIF3A;EIF3B;EIF2S1;EIF4E;EIF4H;EIF3J"
"Synthesis of DNA Homo sapiens R-HSA-69239",4.10902300112045e-05,0.00103717408166213,0.557332238758646,0.303077711105328,2.22875642205869,79,"PSME2;PSMA7;UBC;PSMB6;PSMB8;UBB;PSMB5;UBA52;CDKN1A;POLD2;PSMB3;PSMD9;PSMA3;RPA3;PSMC3;PSMB1;CCNA2;PSMC5;PSMB2;PSMA4;ORC6;PSMD8;PSMD2;PSMB7;GINS2;PSMC4;PSMC2;RFC2;PCNA;PSMD14;PSMD11;RPA1;PSMB9;PSMD7;MCM7;PSMC1;MCM5;PSME1;POLA2;PSMA5;PSMA2;PSMD12;RPA2;MCM8;PSMD1;PSMD4;POLD3;CDT1;PSMA1;FEN1;MCM4;CDK2;MCM3;RFC4;RFC5;PSMC6;FZR1;LIG1;PSMD6;PRIM2"
"Cross-presentation of soluble exogenous antigens (endosomes) Homo sapiens R-HSA-1236978",0.000136408569155326,0.00275073329709586,0.518848077743792,0.365465901638609,2.2185983601387,43,"PSME2;PSMA7;PSMB6;PSMB8;PSMB5;PSMB3;PSMD9;PSMA3;PSMC3;PSMB1;PSMC5;PSMB2;PSMA4;PSMD8;PSMD2;PSMB7;PSMC4;PSMC2;PSMD14;PSMD11;PSMB9;PSMD7;PSMC1;PSME1;PSMA5;PSMA2;PSMD12;PSMD1;PSMD4;MRC2;PSMA1"
"Scavenging by Class A Receptors Homo sapiens R-HSA-3000480",0.00259215073664477,0.0271064905603425,0.431707695803346,0.611523997995683,2.21023319671086,11,"COL1A1;COL1A2;FTL;FTH1;CALR;HSP90B1"
"Activation of NF-kappaB in B cells Homo sapiens R-HSA-1169091",0.000183128406486447,0.00343717932174562,0.518848077743792,0.320789653153146,2.20911049315259,57,"NFKBIA;PSME2;PSMA7;UBC;PSMB6;PSMB8;UBB;PSMB5;UBA52;PSMB3;PSMD9;SKP1;NFKB1;PSMA3;RELA;PSMC3;PSMB1;PSMC5;PSMB2;PSMA4;PSMD8;PSMD2;PSMB7;PSMC4;PSMC2;PSMD14;PSMD11;PSMB9;PSMD7;PSMC1;PSME1;PSMA5;PSMA2;PSMD12;PSMD1;PSMD4"
"Regulation of ornithine decarboxylase (ODC) Homo sapiens R-HSA-350562",0.000527551679944331,0.00764688771721287,0.477270815362862,0.347781967068142,2.20355523994044,47,"PSME2;PSMA7;OAZ1;PSMB6;PSMB8;PSMB5;NQO1;PSMB3;PSMD9;PSMA3;PSMC3;PSMB1;PSMC5;PSMB2;PSMA4;PSMD8;PSMD2;PSMB7;ODC1;PSMC4;PSMC2;PSMD14;PSMD11;PSMB9;PSMD7;PSMC1;PSME1;PSMA5;PSMA2;PSMD12;PSMD1;PSMD4"
"Extracellular matrix organization Homo sapiens R-HSA-1474244",1.38423059715051e-07,1.3510090628189e-05,0.690132458796796,0.285144830876881,2.1988753518439,129,"FN1;COL1A1;COL1A2;COL6A2;THBS1;SPARC;TIMP1;PPIB;BSG;P4HB;CTSB;CD151;LUM;SERPINH1;AGRN;ITGB1;EFEMP2;BGN;HTRA1;FGF2;TGFB1;LOXL1;CTSD;ADAMTS1;MMP2;CAPNS1;PCOLCE;TNC;COL12A1;DCN;P4HA2;LOX;COL6A1;TIMP2;ITGAE;FBLN1;SDC4;ELN;FBLN5;TRAPPC4;PLEC;CRTAP;SDC2;MFAP5;CAST;COL6A3;HSPG2;FBLN2;LOXL2;FBN1;COL3A1;MFAP4;PLOD1;LAMA2;CTSL;DST;LTBP2;LAMB2;ITGB5;COL5A1;DDR2;COL16A1;CD44;ICAM3;COMP;SERPINE1;ITGA11;LAMC1"
"Binding and Uptake of Ligands by Scavenger Receptors Homo sapiens R-HSA-2173782",0.0010346401710041,0.0128365526300848,0.45505986738723,0.523258211638789,2.19148402940916,16,"COL1A1;COL1A2;SPARC;FTL;FTH1;CALR;HSP90B1;HSP90AA1;LRP1;COL3A1"
"Amyloid fiber formation Homo sapiens R-HSA-977225",0.000593316132607151,0.00829067145276037,0.477270815362862,0.435258597675333,2.18853256818735,25,"B2M;TGFBI;H2AFZ;UBC;UBB;UBA52;CST3;H3F3A;HIST1H2AC;UBE2L6;ITM2B;HSPG2;MFGE8"
"Metabolism of polyamines Homo sapiens R-HSA-351202",6.79225817136576e-05,0.00155372905669992,0.538434096309916,0.313663977295792,2.18516235626676,63,"SAT1;PSME2;PSMA7;OAZ1;PSMB6;PSMB8;PSMB5;SMS;NQO1;SRM;ADI1;PSMB3;PSMD9;PSMA3;PSMC3;PSMB1;AMD1;PSMC5;PSMB2;PSMA4;GAMT;PSMD8;PSMD2;PSMB7;ODC1;PSMC4;PSMC2;ASS1;PSMD14;PSMD11;PSMB9;PSMD7;PSMC1;SMOX;PSME1;PSMA5;MTAP;PSMA2;PSMD12;PSMD1;PSMD4"
"TNFR2 non-canonical NF-kB pathway Homo sapiens R-HSA-5668541",8.68427814499181e-05,0.00186967400062765,0.538434096309916,0.314922442231993,2.16432638056128,61,"PSME2;PSMA7;UBC;PSMB6;TNFRSF12A;PSMB8;UBB;PSMB5;UBA52;RELB;BIRC2;PSMB3;PSMD9;SKP1;PSMA3;PSMC3;PSMB1;PSMC5;PSMB2;PSMA4;PSMD8;PSMD2;PSMB7;PSMC4;PSMC2;PSMD14;PSMD11;PSMB9;UBE2M;PSMD7;PSMC1;PSME1;TRAF3;PSMA5;PSMA2;PSMD12;PSMD1;PSMD4"
"Regulation of DNA replication Homo sapiens R-HSA-69304",0.000193256057791913,0.00358135276718178,0.518848077743792,0.302906529636416,2.16345702907177,64,"PSME2;PSMA7;UBC;PSMB6;PSMB8;UBB;PSMB5;UBA52;CDKN1A;PSMB3;PSMD9;PSMA3;PSMC3;PSMB1;CCNA2;PSMC5;PSMB2;PSMA4;ORC6;PSMD8;PSMD2;PSMB7;PSMC4;PSMC2;PSMD14;PSMD11;GMNN;PSMB9;PSMD7;MCM7;PSMC1;MCM5;PSME1;PSMA5;PSMA2;PSMD12;MCM8;PSMD1;PSMD4;CDT1;PSMA1;MCM4;CDK2;MCM3;E2F3"
"Degradation of GLI1 by the proteasome Homo sapiens R-HSA-5610780",0.000210848448993524,0.00381089048551257,0.518848077743792,0.330583033607968,2.16049994110176,51,"PSME2;PSMA7;UBC;PSMB6;PSMB8;UBB;PSMB5;UBA52;PSMB3;PSMD9;SKP1;PSMA3;PSMC3;PSMB1;PSMC5;PSMB2;PSMA4;RBX1;PSMD8;PSMD2;PSMB7;PSMC4;PSMC2;PSMD14;PSMD11;PSMB9;PSMD7;PSMC1;PSME1;PSMA5;PSMA2;PSMD12;PSMD1;PSMD4"
"Negative regulation of FGFR2 signaling Homo sapiens R-HSA-5654727",0.00153800058438726,0.0175908816839293,0.45505986738723,0.484641145758672,2.15697797331253,18,"UBC;UBB;UBA52;FGF2;FGF7;FGF5;SPRY2;FGF1;GRB2;MAPK1;PPP2CA;MAPK3;PPP2CB;PPP2R1A"
"TGF-beta receptor signaling activates SMADs Homo sapiens R-HSA-2173789",0.00136816413516724,0.0158967642371813,0.45505986738723,0.398860156494718,2.15649383451396,28,"PPP1R15A;UBC;FKBP1A;NEDD8;UBB;UBA52;STUB1;PPP1CA;SMURF2;BAMBI;TGFB1"
"GLI3 is processed to GLI3R by the proteasome Homo sapiens R-HSA-5610785",0.000330717883738275,0.0053218824707749,0.49849310876659,0.32527750281005,2.15156177401518,52,"PSME2;PSMA7;UBC;PSMB6;PSMB8;UBB;PSMB5;UBA52;PSMB3;PSMD9;SKP1;PSMA3;PSMC3;PSMB1;PSMC5;PSMB2;PSMA4;RBX1;PSMD8;PSMD2;PSMB7;PSMC4;PSMC2;PSMD14;PSMD11;PSMB9;PSMD7;PSMC1;PSME1;PSMA5;PSMA2;PSMD12;PSMD1;PSMD4"
"Negative regulation of FGFR1 signaling Homo sapiens R-HSA-5654726",0.0015858136526504,0.0179971409882185,0.45505986738723,0.482952899853034,2.14946414733249,18,"UBC;UBB;UBA52;FGF2;FGF5;SPRY2;FGFR1;FGF1;GRB2;MAPK1;PPP2CA;MAPK3;PPP2CB;PPP2R1A"
"Condensation of Prophase Chromosomes Homo sapiens R-HSA-2299718",0.00373235154406763,0.0359484385560198,0.431707695803346,0.524948294217249,2.14186150776183,15,"H2AFZ;H3F3A;HIST1H2AC;SMC4;SET;CCNB1;SMC2;PLK1;CDK1;H2AFX;NCAPH2;NCAPD3;NCAPG2"
"Removal of licensing factors from origins Homo sapiens R-HSA-69300",0.000161913828921534,0.00311897165185692,0.518848077743792,0.311221725004483,2.13978393887998,62,"PSME2;PSMA7;UBC;PSMB6;PSMB8;UBB;PSMB5;UBA52;CDKN1A;PSMB3;PSMD9;PSMA3;PSMC3;PSMB1;CCNA2;PSMC5;PSMB2;PSMA4;ORC6;PSMD8;PSMD2;PSMB7;PSMC4;PSMC2;PSMD14;PSMD11;GMNN;PSMB9;PSMD7;MCM7;PSMC1;MCM5;PSME1;PSMA5;PSMA2;PSMD12;MCM8;PSMD1;PSMD4;CDT1;PSMA1;MCM4;CDK2"
"Deposition of new CENPA-containing nucleosomes at the centromere Homo sapiens R-HSA-606279",0.000711910273043065,0.00947487854304588,0.477270815362862,0.384631051728617,2.11752910390305,31,"H2AFZ;STRA13;NPM1;HIST1H2AC;SMARCA5;CENPM;CENPW;CENPN;CENPA;CENPU;CENPK;CENPT;CENPO;RBBP7;H2AFX;MIS18A;HJURP;CENPH;OIP5;CENPL;RUVBL1;CASC5;APITD1;MIS18BP1"
"Nucleosome assembly Homo sapiens R-HSA-774815",0.000711910273043065,0.00947487854304588,0.477270815362862,0.384631051728617,2.11752910390305,31,"H2AFZ;STRA13;NPM1;HIST1H2AC;SMARCA5;CENPM;CENPW;CENPN;CENPA;CENPU;CENPK;CENPT;CENPO;RBBP7;H2AFX;MIS18A;HJURP;CENPH;OIP5;CENPL;RUVBL1;CASC5;APITD1;MIS18BP1"
"Peptide chain elongation Homo sapiens R-HSA-156902",1.23197931321455e-05,0.000419445980127001,0.593325476396405,0.960596786534047,2.11264988931919,4,"EEF1A1;EEF2;UBA52;FAU"
"Synthesis and interconversion of nucleotide di- and triphosphates Homo sapiens R-HSA-499943",0.00277820354035398,0.0286428872047763,0.431707695803346,0.466294857527933,2.11098445430683,19,"NME2;DTYMK;NME4;GUK1;AK1;TXN;NME1;DCTPP1;AK5;CMPK1;AK6;RRM2;GLRX"
"Orc1 removal from chromatin Homo sapiens R-HSA-68949",0.000141428340870117,0.00276068121378469,0.518848077743792,0.306813798341088,2.10859916163309,61,"PSME2;PSMA7;UBC;PSMB6;PSMB8;UBB;PSMB5;UBA52;CDKN1A;PSMB3;PSMD9;PSMA3;PSMC3;PSMB1;CCNA2;PSMC5;PSMB2;PSMA4;ORC6;PSMD8;PSMD2;PSMB7;PSMC4;PSMC2;PSMD14;PSMD11;PSMB9;PSMD7;MCM7;PSMC1;MCM5;PSME1;PSMA5;PSMA2;PSMD12;MCM8;PSMD1;PSMD4;CDT1;PSMA1;MCM4;CDK2"
"Switching of origins to a post-replicative state Homo sapiens R-HSA-69052",0.000141428340870117,0.00276068121378469,0.518848077743792,0.306813798341088,2.10859916163309,61,"PSME2;PSMA7;UBC;PSMB6;PSMB8;UBB;PSMB5;UBA52;CDKN1A;PSMB3;PSMD9;PSMA3;PSMC3;PSMB1;CCNA2;PSMC5;PSMB2;PSMA4;ORC6;PSMD8;PSMD2;PSMB7;PSMC4;PSMC2;PSMD14;PSMD11;PSMB9;PSMD7;MCM7;PSMC1;MCM5;PSME1;PSMA5;PSMA2;PSMD12;MCM8;PSMD1;PSMD4;CDT1;PSMA1;MCM4;CDK2"
"Assembly of collagen fibrils and other multimeric structures Homo sapiens R-HSA-2022090",0.00187310839564446,0.0204644081434589,0.45505986738723,0.400408533548047,2.10445050314698,27,"COL1A1;COL1A2;COL6A2;CTSB;CD151;LOXL1;PCOLCE;LOX;COL6A1;PLEC;COL6A3;LOXL2;COL3A1;CTSL;DST;COL5A1"
"Autodegradation of the E3 ubiquitin ligase COP1 Homo sapiens R-HSA-349425",0.000671278236470093,0.00918459194572164,0.477270815362862,0.328429037145181,2.08674575851924,48,"PSME2;PSMA7;UBC;PSMB6;PSMB8;UBB;PSMB5;UBA52;PSMB3;PSMD9;PSMA3;PSMC3;PSMB1;PSMC5;PSMB2;PSMA4;PSMD8;PSMD2;PSMB7;PSMC4;PSMC2;PSMD14;PSMD11;PSMB9;PSMD7;PSMC1;PSME1;PSMA5;PSMA2;PSMD12;PSMD1;PSMD4"
"Cap-dependent Translation Initiation Homo sapiens R-HSA-72737",0.00125036007596858,0.014644217209744,0.45505986738723,0.36950856068125,2.08474305728511,33,"UBA52;FAU;EIF4EBP1;EIF3F;EIF3K;EIF3L;PABPC1;EIF2S2;EIF4A1;EIF4A2;EIF1AX;EIF5B;EIF3E;EIF3H;EIF3I;EIF5;EIF3D"
"Eukaryotic Translation Initiation Homo sapiens R-HSA-72613",0.00125036007596858,0.014644217209744,0.45505986738723,0.36950856068125,2.08474305728511,33,"UBA52;FAU;EIF4EBP1;EIF3F;EIF3K;EIF3L;PABPC1;EIF2S2;EIF4A1;EIF4A2;EIF1AX;EIF5B;EIF3E;EIF3H;EIF3I;EIF5;EIF3D"
"Collagen biosynthesis and modifying enzymes Homo sapiens R-HSA-1650814",0.00147465089842279,0.0169991253172517,0.45505986738723,0.372333287461326,2.07748760508605,30,"COL1A1;COL1A2;COL6A2;PPIB;P4HB;SERPINH1;PCOLCE;COL12A1;P4HA2;COL6A1;CRTAP;COL6A3;COL3A1;PLOD1;COL5A1;COL16A1"
"Synthesis, secretion, and deacylation of Ghrelin Homo sapiens R-HSA-422085",0.000800760319865174,0.0102834483182685,0.477270815362862,0.760459183673469,2.07728616388135,6,"KLF4;SPCS1;SEC11A;SPCS3;SPCS2;SEC11C"
"Assembly of the pre-replicative complex Homo sapiens R-HSA-68867",0.000568879471545618,0.00808582083827946,0.477270815362862,0.298921519724516,2.07504159283063,59,"PSME2;PSMA7;UBC;PSMB6;PSMB8;UBB;PSMB5;UBA52;PSMB3;PSMD9;PSMA3;PSMC3;PSMB1;PSMC5;PSMB2;PSMA4;ORC6;PSMD8;PSMD2;PSMB7;PSMC4;PSMC2;PSMD14;PSMD11;GMNN;PSMB9;PSMD7;MCM7;PSMC1;MCM5;PSME1;PSMA5;PSMA2;PSMD12;MCM8;PSMD1;PSMD4;CDT1;PSMA1;MCM4"
"FCERI mediated NF-kB activation Homo sapiens R-HSA-2871837",0.000240783216285608,0.00419650748383488,0.518848077743792,0.295596683477085,2.0592952717752,63,"NFKBIA;PSME2;PSMA7;UBC;PSMB6;PSMB8;UBB;PSMB5;UBA52;PSMB3;PSMD9;SKP1;NFKB1;PSMA3;UBE2D2;RELA;PSMC3;PSMB1;PSMC5;PSMB2;PSMA4;PSMD8;PSMD2;PSMB7;PSMC4;UBE2N;PSMC2;PSMD14;PSMD11;PSMB9;PSMD7;PSMC1;PSME1;PSMA5;PSMA2;PSMD12;PSMD1;PSMD4"
"Negative regulation of FGFR3 signaling Homo sapiens R-HSA-5654732",0.00397246577999934,0.0377642201423314,0.407017918923954,0.474676704567649,2.05803382691603,17,"UBC;UBB;UBA52;FGF2;FGF5;SPRY2;FGF1;GRB2;MAPK1;PPP2CA;MAPK3;PPP2CB;PPP2R1A"
"MAPK6/MAPK4 signaling Homo sapiens R-HSA-5687128",0.000235991564824345,0.0041625500108776,0.518848077743792,0.283391042643765,2.0555015766252,72,"JUN;PSME2;PSMA7;UBC;PSMB6;PSMB8;UBB;PSMB5;UBA52;RAC1;HSPB1;PSMB3;PSMD9;MMP2;PSMA3;SEPT7;MYC;PSMC3;CDC42EP3;PSMB1;PSMC5;PSMB2;CDC42;PSMA4;PSMD8;CDC42EP2;PSMD2;PSMB7;CDK1;PSMC4;PAK2;PSMC2;XPO1;PSMD14;PSMD11;PSMB9;PSMD7;PSMC1;MAPKAPK5;PSME1;PSMA5;PSMA2;PSMD12;PSMD1;TNRC6A;PSMD4;CCND3;PSMA1"
"p75NTR regulates axonogenesis Homo sapiens R-HSA-193697",0.000773419557190452,0.0100202321391754,0.477270815362862,0.822981836087781,2.05507188310189,5,"RHOA;RTN4;NGF;ARHGDIA"
"Mitotic Metaphase and Anaphase Homo sapiens R-HSA-2555396",1.11128194102883e-06,6.72564425586879e-05,0.643551836150722,0.248363395341707,2.04665065140022,157,"PSME2;PSMA7;UBC;BANF1;ANAPC11;PSMB6;PSMB8;UBB;PSMB5;UBA52;PTTG1;BIRC5;PSMB3;PSMD9;LMNA;PSMA3;CENPF;NUDC;CENPM;PSMC3;PSMB1;CDC20;SPC25;ANAPC15;CENPN;UBE2C;PSMC5;EMD;PLK1;PSMB2;CENPA;SEC13;MAD2L1;BUB3;SGOL2;CENPU;PSMA4;ANAPC16;CENPK;ANKLE2;ZWINT;AURKB;PSMD8;PSMD2;PSMB7;SGOL1;TMPO;CENPE;CENPT;BUB1;PSMC4;KIF2A;CENPO;CDCA8;PSMC2;CDCA5;RAD21;XPO1;PSMD14;PSMD11;ANAPC7;PPP2R2A;SPDL1;PSMB9;NDC80;MAPRE1;PPP2R5E;PSMD7;CDC27;PSMC1;CENPH;CENPL;ZWILCH;ANAPC5;SPC24;PMF1;PSME1;CKAP5;KIF2C;FBXO5;SKA1;PSMA5;PSMA2;SMC3;PSMD12;PPP1CC;PSMD1;PPP2CA;VRK1;PSMD4;NDE1;SMC1A;CASC5;PSMA1;RCC2;NUF2;APITD1"
"Downregulation of TGF-beta receptor signaling Homo sapiens R-HSA-2173788",0.00453223420904483,0.0412123657269667,0.407017918923954,0.418773180620883,2.04478330904262,22,"PPP1R15A;UBC;UBB;UBA52;STUB1;PPP1CA;SMURF2;BAMBI;TGFB1;STRAP;SMAD7"
"Integration of provirus Homo sapiens R-HSA-162592",0.00253315253050559,0.0266801101054689,0.431707695803346,0.690760157280874,2.04390319833061,7,"BANF1;PPIA;HMGA1;XRCC5;XRCC6;PSIP1"
"Mitophagy Homo sapiens R-HSA-5205647",0.00405105105158646,0.0380175560225807,0.407017918923954,0.449326550802581,2.03416646857345,19,"UBC;UBB;UBA52;SQSTM1;TOMM7;TOMM22;TOMM5;VDAC1;TOMM40;PINK1;ATG12;MAP1LC3B;MAP1LC3A"
"Pink/Parkin Mediated Mitophagy Homo sapiens R-HSA-5205685",0.00405105105158646,0.0380175560225807,0.407017918923954,0.449326550802581,2.03416646857345,19,"UBC;UBB;UBA52;SQSTM1;TOMM7;TOMM22;TOMM5;VDAC1;TOMM40;PINK1;ATG12;MAP1LC3B;MAP1LC3A"
"Integrin cell surface interactions Homo sapiens R-HSA-216083",0.00171636548706654,0.0191159719131961,0.45505986738723,0.367545660685484,2.03051621192688,29,"FN1;THBS1;BSG;LUM;AGRN;ITGB1;TNC;ITGAE;HSPG2;FBN1;ITGB5;COL16A1;CD44;ICAM3;COMP;ITGA11"
"p53-Dependent G1 DNA Damage Response Homo sapiens R-HSA-69563",0.00117984902866912,0.0140430811217203,0.45505986738723,0.296909560672991,2.02888453984774,54,"PSME2;PSMA7;UBC;PSMB6;PSMB8;UBB;PSMB5;UBA52;CDKN1A;PSMB3;PSMD9;PSMA3;MDM2;PSMC3;PSMB1;CCNA2;PSMC5;PSMB2;PSMA4;PSMD8;PSMD2;PSMB7;PSMC4;PSMC2;PSMD14;PSMD11;PSMB9;PSMD7;PSMC1;PSME1;PSMA5;PSMA2;PSMD12;PSMD1;PSMD4"
"p53-Dependent G1/S DNA damage checkpoint Homo sapiens R-HSA-69580",0.00117984902866912,0.0140430811217203,0.45505986738723,0.296909560672991,2.02888453984774,54,"PSME2;PSMA7;UBC;PSMB6;PSMB8;UBB;PSMB5;UBA52;CDKN1A;PSMB3;PSMD9;PSMA3;MDM2;PSMC3;PSMB1;CCNA2;PSMC5;PSMB2;PSMA4;PSMD8;PSMD2;PSMB7;PSMC4;PSMC2;PSMD14;PSMD11;PSMB9;PSMD7;PSMC1;PSME1;PSMA5;PSMA2;PSMD12;PSMD1;PSMD4"
"Host Interactions of HIV factors Homo sapiens R-HSA-162909",1.56984082112295e-05,0.000488988715345531,0.575610261071129,0.267957317006607,2.02875129008527,106,"B2M;HLA-A;PSME2;PSMA7;UBC;BANF1;AP2S1;RAN;PPIA;PSMB6;RANBP1;PSMB8;SLC25A6;UBB;PSMB5;UBA52;RCC1;RAC1;SLC25A5;NPM1;PSMB3;PSMD9;TCEB2;AP2M1;SKP1;APOBEC3G;PSMA3;HMGA1;PSMC3;PSMB1;PSMC5;PSMB2;TCEB1;AP1S1;PSMA4;RBX1;AP1S2;PSMD8;PSMD2;PSMB7;NUP50;PSMC4;PSIP1;PAK2;PSMC2;NUPL2;NUP153;ARF1;XPO1;PSMD14;PSMD11;PSMB9;PSMD7;PSMC1;PSME1;KPNB1;PSMA5;PSMA2;PSMD12;PSMD1;PSMD4"
"Mitotic Anaphase Homo sapiens R-HSA-68882",2.29027049907379e-06,0.000108159871311098,0.627256739718528,0.246215843552898,2.02343146361725,156,"PSME2;PSMA7;UBC;BANF1;ANAPC11;PSMB6;PSMB8;UBB;PSMB5;UBA52;PTTG1;BIRC5;PSMB3;PSMD9;LMNA;PSMA3;CENPF;NUDC;CENPM;PSMC3;PSMB1;CDC20;SPC25;ANAPC15;CENPN;UBE2C;PSMC5;EMD;PLK1;PSMB2;CENPA;SEC13;MAD2L1;BUB3;SGOL2;CENPU;PSMA4;ANAPC16;CENPK;ANKLE2;ZWINT;AURKB;PSMD8;PSMD2;PSMB7;SGOL1;TMPO;CENPE;CENPT;BUB1;PSMC4;KIF2A;CENPO;CDCA8;PSMC2;CDCA5;RAD21;XPO1;PSMD14;PSMD11;ANAPC7;PPP2R2A;SPDL1;PSMB9;NDC80;MAPRE1;PPP2R5E;PSMD7;CDC27;PSMC1;CENPH;CENPL;ZWILCH;ANAPC5;SPC24;PMF1;PSME1;CKAP5;KIF2C;SKA1;PSMA5;PSMA2;SMC3;PSMD12;PPP1CC;PSMD1;PPP2CA;VRK1;PSMD4;NDE1;SMC1A;CASC5;PSMA1;RCC2;NUF2;APITD1"
"Sema4D induced cell migration and growth-cone collapse Homo sapiens R-HSA-416572",0.003186973692081,0.0313136207060845,0.431707695803346,0.453539014756644,2.01855264132914,18,"MYL6;RHOC;RHOB;MYL9;RAC1;MYL12B;RHOA"
"Stabilization of p53 Homo sapiens R-HSA-69541",0.00106745363640225,0.0130229343641075,0.45505986738723,0.312157769041682,2.0172716805906,50,"PSME2;PSMA7;UBC;PSMB6;PSMB8;UBB;PSMB5;UBA52;PSMB3;PSMD9;PSMA3;MDM2;PSMC3;PSMB1;PSMC5;PSMB2;PSMA4;PSMD8;PSMD2;PSMB7;PSMC4;PSMC2;PSMD14;PSMD11;PSMB9;PSMD7;PSMC1;PSME1;PSMA5;PSMA2;PSMD12;PSMD1;PSMD4"
"Regulation of mRNA stability by proteins that bind AU-rich elements Homo sapiens R-HSA-450531",0.000123275273991026,0.00254190142426567,0.518848077743792,0.276342340216243,2.01611983614413,81,"ZFP36;PSME2;PSMA7;UBC;PSMB6;PSMB8;UBB;PSMB5;UBA52;ZFP36L1;HSPB1;PSMB3;PSMD9;HSPA8;PABPC1;YWHAB;PSMA3;PSMC3;EXOSC4;PSMB1;SET;PSMC5;PSMB2;PSMA4;EXOSC8;PSMD8;PSMD2;PSMB7;HNRNPD;PSMC4;EXOSC6;ANP32A;PSMC2;XPO1;PSMD14;PSMD11;PSMB9;PSMD7;PSMC1;DCP1A;TNPO1;PSME1;EXOSC3;YWHAZ;KHSRP;PSMA5;PSMA2;PSMD12;XRN1;PSMD1;PSMD4;ELAVL1;PSMA1"
"Degradation of DVL Homo sapiens R-HSA-4641258",0.000594617829603715,0.00829067145276037,0.477270815362862,0.307057331899239,2.00674953049732,51,"PSME2;PSMA7;UBC;PSMB6;PSMB8;UBB;PSMB5;UBA52;PSMB3;PSMD9;PSMA3;PSMC3;PSMB1;PSMC5;PSMB2;PSMA4;RBX1;PSMD8;PSMD2;PSMB7;PSMC4;PSMC2;PSMD14;PSMD11;PSMB9;PSMD7;PSMC1;PSME1;PSMA5;PSMA2;PSMD12;PSMD1;PSMD4;PSMA1;DVL3"
"SUMO is transferred from E1 to E2 (UBE2I, UBC9) Homo sapiens R-HSA-3065678",0.00172357123807506,0.0191159719131961,0.45505986738723,0.733967717058692,2.00492152125323,6,"SUMO2;SUMO3;SUMO1;UBE2I;SAE1"
"Formation of the ternary complex, and subsequently, the 43S complex Homo sapiens R-HSA-72695",0.00530772091991136,0.046252996587799,0.407017918923954,0.462171874693206,2.00381721456958,17,"FAU;EIF3F;EIF3K;EIF3L;EIF2S2;EIF1AX;EIF3E;EIF3H;EIF3I;EIF3D;EIF3G;EIF3A;EIF3B;EIF2S1"
"p75NTR recruits signalling complexes Homo sapiens R-HSA-209543",0.0053898640797136,0.0464162412511807,0.407017918923954,0.582216661568024,2.00290076160121,10,"UBC;UBB;UBA52;RIPK2;MYD88;SQSTM1;NGF"
"G1/S DNA Damage Checkpoints Homo sapiens R-HSA-69615",0.000878037433663243,0.011177798285939,0.477270815362862,0.295561988713653,1.99273524383934,55,"PSME2;PSMA7;UBC;PSMB6;PSMB8;UBB;PSMB5;UBA52;CDKN1A;PSMB3;PSMD9;PSMA3;MDM2;PSMC3;PSMB1;CCNA2;PSMC5;PSMB2;PSMA4;PSMD8;PSMD2;PSMB7;PSMC4;PSMC2;PSMD14;PSMD11;PSMB9;PSMD7;PSMC1;PSME1;PSMA5;PSMA2;PSMD12;PSMD1;PSMD4"
"Asymmetric localization of PCP proteins Homo sapiens R-HSA-4608870",0.000733894271379203,0.00959304654731387,0.477270815362862,0.303735717958651,1.98504137855533,51,"PSME2;PSMA7;UBC;PSMB6;PSMB8;UBB;PSMB5;UBA52;PSMB3;PSMD9;SMURF2;PSMA3;PSMC3;PSMB1;PSMC5;PSMB2;PSMA4;PSMD8;PSMD2;PSMB7;PSMC4;PSMC2;PSMD14;PSMD11;PSMB9;PSMD7;PSMC1;PSME1;PSMA5;PSMA2;PSMD12;PSMD1;PSMD4"
"Complex I biogenesis Homo sapiens R-HSA-6799198",0.00179567273880005,0.0197659014255885,0.45505986738723,0.309579082639305,1.96697844757947,48,"NDUFB11;NDUFB10;NDUFA11;NDUFB8;NDUFAF3;NDUFA13;NDUFS5;NDUFS8;NDUFB2;NDUFS6;NDUFB9;NDUFA6;NDUFB7;NDUFC2;NDUFAF2;NDUFAB1;NDUFA8;NDUFB6;NDUFS7;NDUFS4;NDUFA12;NDUFAF4"
"Molecules associated with elastic fibres Homo sapiens R-HSA-2129379",0.00537366313080137,0.0464162412511807,0.407017918923954,0.468530013603135,1.9622741110825,16,"ITGB1;EFEMP2;TGFB1;FBLN1;FBLN5;MFAP5;FBLN2;MFAP4;LTBP2;ITGB5;EFEMP1;MFAP2"
"EPHB-mediated forward signaling Homo sapiens R-HSA-3928662",0.00288877189358079,0.0293691809180714,0.431707695803346,0.353477748759457,1.95279764172126,29,"CFL1;ACTB;ARPC2;ARPC1B;RAC1;ARPC1A;ACTG1;RHOA;ARPC3;ARPC5;HRAS;SDC2;CDC42"
"Cell Cycle, Mitotic Homo sapiens R-HSA-69278",1.50467366434187e-06,7.8672937307018e-05,0.643551836150722,0.176353394570682,1.9484574141723,352,"PSME2;PSMA7;H2AFZ;UBC;TUBB;BANF1;ANAPC11;PSMB6;PSMB8;UBB;PSMB5;UBA52;CDKN1A;PTTG1;POLD2;BIRC5;PSMB3;DYNLL1;PSMD9;DCTN3;H3F3A;SKP1;CKS1B;LMNA;PSMA3;PHLDA1;TYMS;CENPF;NUDC;SSNA1;HIST1H2AC;TUBG1;RAB2A;CENPM;TFDP1;RPA3;TUBB4B;MYC;CCND1;CSNK2B;SMC4;PSMC3;PSMB1;CDC20;SPC25;CCNA2;TUBA1A;ANAPC15;SET;CCNB2;CDK4;CCNB1;HSP90AA1;SMC2;CENPN;UBE2C;TOP2A;PSMC5;TPX2;EMD;GTSE1;BLZF1;PLK1;PSMB2;FOXM1;AURKA;CENPA;CETN2;YWHAE;SEC13;MAD2L1;BUB3;SGOL2;DYNC1H1;CENPU;PSMA4;ORC6;ANAPC16;CENPK;KIF23;ANKLE2;ZWINT;E2F4;AURKB;CSNK1E;PSMD8;PSMD2;PSMB7;SGOL1;CDKN2D;NUP50;RRM2;CDK1;DBF4;CENPJ;TMPO;CDKN2C;CENPE;CENPT;GINS2;BUB1;HAUS8;PSMC4;PLK4;KIF2A;CENPO;CDCA8;PSMC2;HAUS1;NUPL2;HMMR;CDCA5;RFC2;RAD21;CCNH;NUP153;H2AFX;PCNA;KIF20A;XPO1;PSMD14;PSMD11;ENSA;ANAPC7;GMNN;PKMYT1;PPP2R2A;RPA1;DHFR;SPDL1;PSMB9;CDC25B;NDC80;MAPRE1;PPP2R5E;PSMD7;MCM7;CDC27;PSMC1;CENPH;NCAPH;MYBL2;CENPL;ZWILCH;ANAPC5;MCM5;SPC24;PMF1;NCAPH2;PSME1;CKAP5;POLA2;MAPK1;CTDNEP1;KIF2C;FBXO5;SKA1;PSMA5;NCAPG;PSMA2;NEK2;SMC3;PSMD12;RPA2;MCM8;NCAPD3;PPP1CC;PSMD1;PPP2CA;VRK1;MAPK3;PSMD4;NCAPG2;NIPBL;NDE1;POLD3;SMC1A;NCAPD2;CDT1;CCND3;CASC5;PSMA1;RCC2;NUP62;FEN1;NUF2;FGFR1OP;APITD1"
"Translesion synthesis by Y family DNA polymerases bypasses lesions on DNA template Homo sapiens R-HSA-110313",0.00440259788886049,0.0403358745970653,0.407017918923954,0.346876377412256,1.9354470815236,30,"ISG15;TRIM25;UBC;UBB;UBA52;KIAA0101;POLD2;REV3L;RPA3;UFD1L;MAD2L2;UBE2L6"
"Downstream TCR signaling Homo sapiens R-HSA-202424",0.00107981771294095,0.0130649019152525,0.45505986738723,0.267845242091428,1.91910363055342,68,"NFKBIA;PSME2;PSMA7;UBC;PSMB6;PSMB8;UBB;PSMB5;UBA52;RIPK2;PSMB3;PSMD9;SKP1;NFKB1;PSMA3;UBE2D2;RELA;PSMC3;PSMB1;PSMC5;PSMB2;PSMA4;PSMD8;PSMD2;PSMB7;PSMC4;UBE2N;PSMC2;PSMD14;PSMD11;PSMB9;PSMD7;PSMC1;PSME1;PSMA5;PSMA2;HLA-DPB1;PSMD12;PSMD1;PSMD4"
"APOBEC3G mediated resistance to HIV-1 infection Homo sapiens R-HSA-180689",0.00284242086035175,0.0291000289479368,0.431707695803346,0.767517481746376,1.91657157832814,5,"BANF1;PPIA;APOBEC3G;HMGA1;PSIP1"
"2-LTR circle formation Homo sapiens R-HSA-164843",0.00354713885535293,0.0343908032068655,0.431707695803346,0.758831781660502,1.894882475059,5,"BANF1;HMGA1;XRCC5;XRCC6;PSIP1"
"S Phase Homo sapiens R-HSA-69242",0.000260936952168116,0.00444199648807119,0.49849310876659,0.249508218919037,1.88870524096787,101,"PSME2;PSMA7;UBC;PSMB6;PSMB8;UBB;PSMB5;UBA52;CDKN1A;POLD2;PSMB3;PSMD9;SKP1;CKS1B;PSMA3;RPA3;MYC;CCND1;PSMC3;PSMB1;CCNA2;CDK4;PSMC5;PSMB2;PSMA4;ORC6;PSMD8;PSMD2;PSMB7;GINS2;PSMC4;PSMC2;CDCA5;RFC2;RAD21;CCNH;PCNA;PSMD14;PSMD11;RPA1;PSMB9;CDC25B;PSMD7;MCM7;PSMC1;MCM5;PSME1;POLA2;PSMA5;PSMA2;SMC3;PSMD12;RPA2;MCM8;PSMD1;PSMD4;POLD3;SMC1A;CDT1;PSMA1;FEN1"
"Striated Muscle Contraction Homo sapiens R-HSA-390522",0.00493375826400689,0.0435121813163017,0.407017918923954,0.687225607245213,1.87723979937944,6,"VIM;TPM4;TPM1;TPM3;TPM2"
"Aflatoxin activation and detoxification Homo sapiens R-HSA-5423646",0.00220296891298062,0.0235412152452819,0.431707695803346,0.853483966020622,1.87707561760125,4,"MGST3;AKR7A2;MGST1"
"Cytosolic sensors of pathogen-associated DNA Homo sapiens R-HSA-1834949",0.00224291108999325,0.0237943611286241,0.431707695803346,0.306468798479714,1.87350273801367,44,"NFKBIA;TRIM56;IFI16;HMGB1;UBC;TICAM1;UBB;UBA52;MYD88;POLR2E;NFKB1;RELA;POLR2F;POLR1C;POLR3K;XRCC5;POLR2L;POLR3H;TMEM173;XRCC6;POLR1D"
"p75 NTR receptor-mediated signalling Homo sapiens R-HSA-193704",0.00500377222939695,0.0438654044541146,0.407017918923954,0.295566900660171,1.87271927349547,47,"NFKBIA;UBC;UBB;UBA52;RAC1;RIPK2;MYD88;RHOA;NGFRAP1;RTN4;NFKB1;SQSTM1;BAD;NGF;MAGED1;RELA;ARHGDIA;ARHGEF2;YWHAE"
"Chromosome Maintenance Homo sapiens R-HSA-73886",0.0044082923056902,0.0403358745970653,0.407017918923954,0.274049672010698,1.86464544287589,56,"H2AFZ;NHP2;STRA13;NPM1;POLD2;HIST1H2AC;SMARCA5;CENPM;RPA3;CENPW;CENPN;CENPA;CENPU;CENPK;RUVBL2;CENPT;TERF2IP;CENPO;RBBP7;RFC2;H2AFX;PCNA;MIS18A;HJURP;RPA1;CENPH;OIP5;CENPL;POLA2;RUVBL1;RPA2;POLD3;CASC5;FEN1;APITD1;MIS18BP1"
"DNA Damage Bypass Homo sapiens R-HSA-73893",0.00477209534133569,0.0427827085856812,0.407017918923954,0.317523122452746,1.82946357463265,37,"ISG15;TRIM25;UBC;UBB;UBA52;KIAA0101;POLD2;REV3L;RPA3;UFD1L;MAD2L2;UBE2L6;RBX1;USP1;RFC2;PCNA;RPA1;VCP;NPLOC4;UBE2B;RPA2;USP10;POLD3"
"Separation of Sister Chromatids Homo sapiens R-HSA-2467813",6.07635119650308e-06,0.000228096875684116,0.610526878385931,0.234913164689879,1.81735770119826,146,"PSME2;PSMA7;UBC;ANAPC11;PSMB6;PSMB8;UBB;PSMB5;UBA52;PTTG1;BIRC5;PSMB3;PSMD9;PSMA3;CENPF;NUDC;CENPM;PSMC3;PSMB1;CDC20;SPC25;ANAPC15;CENPN;UBE2C;PSMC5;PLK1;PSMB2;CENPA;SEC13;MAD2L1;BUB3;SGOL2;CENPU;PSMA4;ANAPC16;CENPK;ZWINT;AURKB;PSMD8;PSMD2;PSMB7;SGOL1;CENPE;CENPT;BUB1;PSMC4;KIF2A;CENPO;CDCA8;PSMC2;CDCA5;RAD21;XPO1;PSMD14;PSMD11;ANAPC7;SPDL1;PSMB9;NDC80;MAPRE1;PPP2R5E;PSMD7;CDC27;PSMC1;CENPH;CENPL;ZWILCH;ANAPC5;SPC24;PMF1;PSME1;CKAP5;KIF2C;SKA1;PSMA5;PSMA2;SMC3;PSMD12;PPP1CC;PSMD1;PPP2CA;PSMD4;NDE1;SMC1A;CASC5;PSMA1;RCC2;NUF2;APITD1"
"M Phase Homo sapiens R-HSA-68886",3.2125420322677e-06,0.000142520046522422,0.627256739718528,0.212876347646932,1.80250400909385,218,"PSME2;PSMA7;H2AFZ;UBC;BANF1;ANAPC11;PSMB6;PSMB8;UBB;PSMB5;UBA52;PTTG1;BIRC5;PSMB3;PSMD9;H3F3A;LMNA;PSMA3;CENPF;NUDC;HIST1H2AC;RAB2A;CENPM;CSNK2B;SMC4;PSMC3;PSMB1;CDC20;SPC25;ANAPC15;SET;CCNB2;CCNB1;SMC2;CENPN;UBE2C;PSMC5;EMD;BLZF1;PLK1;PSMB2;CENPA;SEC13;MAD2L1;BUB3;SGOL2;CENPU;PSMA4;ANAPC16;CENPK;KIF23;ANKLE2;ZWINT;AURKB;PSMD8;PSMD2;PSMB7;SGOL1;NUP50;CDK1;TMPO;CENPE;CENPT;BUB1;PSMC4;KIF2A;CENPO;CDCA8;PSMC2;NUPL2;CDCA5;RAD21;NUP153;H2AFX;KIF20A;XPO1;PSMD14;PSMD11;ENSA;ANAPC7;PPP2R2A;SPDL1;PSMB9;NDC80;MAPRE1;PPP2R5E;PSMD7;CDC27;PSMC1;CENPH;NCAPH;CENPL;ZWILCH;ANAPC5;SPC24;PMF1;NCAPH2;PSME1;CKAP5;MAPK1;CTDNEP1;KIF2C;FBXO5;SKA1;PSMA5;NCAPG;PSMA2;SMC3;PSMD12;NCAPD3;PPP1CC;PSMD1;PPP2CA;VRK1;MAPK3;PSMD4;NCAPG2;NIPBL;NDE1;SMC1A;NCAPD2;CASC5;PSMA1;RCC2;NUP62;NUF2;APITD1"
"Mitochondrial protein import Homo sapiens R-HSA-1268020",0.00300791993162047,0.0297540187830565,0.431707695803346,0.274545100791848,1.79426834951843,51,"CHCHD2;SLC25A6;ATP5G1;TIMM13;TOMM7;HSCB;TOMM22;CYC1;TIMM9;TOMM5;VDAC1;COX19;HSPD1;ATP5B;TOMM40;TIMM8B;TIMM8A;ATP5A1;TIMM17A;TIMM22;GRPEL1;TIMM10;PAM16;MTX1;TIMM17B;TIMM50"
"RIG-I/MDA5 mediated induction of IFN-alpha/beta pathways Homo sapiens R-HSA-168928",0.00434840375221621,0.0402915385648388,0.407017918923954,0.292456696320278,1.78784406120462,44,"ISG15;NFKBIA;TRIM25;HMGB1;UBC;UBB;UBA52;MYD88;IRF2;NFKB1;PIN1;UBE2D2;RELA;UBE2L6;CYLD;PCBP2;FADD"
"RHO GTPases Activate Formins Homo sapiens R-HSA-5663220",0.000981052563594722,0.0123815599405403,0.45505986738723,0.229267855427911,1.72857573548297,97,"PFN1;ACTB;RHOC;RHOB;RAC1;ACTG1;ITGB1;BIRC5;RHOA;CENPF;NUDC;CENPM;CDC20;SPC25;CENPN;PFN2;PLK1;CENPA;SEC13;MAD2L1;BUB3;SGOL2;CDC42;CENPU;CENPK;SRGAP2;ZWINT;AURKB;SGOL1;CENPE;CENPT;BUB1;KIF2A;CENPO;CDCA8;XPO1;SPDL1;NDC80;MAPRE1;PPP2R5E;CENPH;CENPL;ZWILCH;SPC24;PMF1;CKAP5;DIAPH3;KIF2C;SKA1;PPP1CC;PPP2CA;NDE1;CASC5;DVL3;RCC2;NUF2;APITD1;SKA2;PPP2CB;PPP2R1A;DVL1"
"CLEC7A (Dectin-1) signaling Homo sapiens R-HSA-5607764",0.00263231590966322,0.0273312800833117,0.431707695803346,0.23677271273242,1.71107116838221,75,"NFKBIA;PSME2;PSMA7;UBC;PSMB6;PSMB8;UBB;PSMB5;UBA52;RELB;PSMB3;PSMD9;SKP1;NFKB1;PSMA3;UBE2D2;RELA;PSMC3;PSMB1;CALM1;PSMC5;PSMB2;PYCARD;PSMA4;PSMD8;PSMD2;PSMB7;PSMC4;UBE2N;PSMC2;PSMD14;PSMD11;PSMB9;UBE2M;PSMD7;PSMC1;PSME1;PSMA5;PSMA2;PSMD12;AHCYL1;PSMD1;PSMD4"
"Apoptosis Homo sapiens R-HSA-109581",0.000330800071612374,0.0053218824707749,0.49849310876659,0.223737998157208,1.68912796959744,120,"BBC3;PMAIP1;CFLAR;PSME2;HMGB1;PSMA7;UBC;VIM;PSMB6;TNFRSF10B;PSMB8;TICAM1;UBB;PSMB5;UBA52;YWHAQ;BIRC2;PSMB3;DYNLL1;PSMD9;YWHAH;BCAP31;YWHAB;LMNA;PSMA3;BAD;TFDP1;MAGED1;ACIN1;PSMC3;PSMB1;PSMC5;CASP7;PLEC;PSMB2;FADD;HMGB2;YWHAE"
"Programmed Cell Death Homo sapiens R-HSA-5357801",0.000330800071612374,0.0053218824707749,0.49849310876659,0.223737998157208,1.68912796959744,120,"BBC3;PMAIP1;CFLAR;PSME2;HMGB1;PSMA7;UBC;VIM;PSMB6;TNFRSF10B;PSMB8;TICAM1;UBB;PSMB5;UBA52;YWHAQ;BIRC2;PSMB3;DYNLL1;PSMD9;YWHAH;BCAP31;YWHAB;LMNA;PSMA3;BAD;TFDP1;MAGED1;ACIN1;PSMC3;PSMB1;PSMC5;CASP7;PLEC;PSMB2;FADD;HMGB2;YWHAE"
"Cell Cycle Checkpoints Homo sapiens R-HSA-69620",0.00297946954901878,0.0297540187830565,0.431707695803346,0.192376926748321,1.50727499577613,135,"PSME2;PSMA7;UBC;ANAPC11;PSMB6;PSMB8;UBB;PSMB5;UBA52;YWHAQ;CDKN1A;PSMB3;PSMD9;YWHAH;SUMO1;YWHAB;PSMA3;RPA3;MDM2;PSMC3;PSMB1;CDC20;CCNA2;ANAPC15;CCNB2;CCNB1;BABAM1;UBE2C;PSMC5;GTSE1;PSMB2;YWHAE;MAD2L1;BUB3;PSMA4;ORC6;ANAPC16;PSMD8;PSMD2;PSMB7;CLSPN;CDK1;DBF4;RHNO1;PSMC4;UBE2N;PSMC2;RFC2;H2AFX;WHSC1;PSMD14;PSMD11;ANAPC7;PKMYT1;RPA1;PSMB9;PSMD7;MCM7;CDC27;PSMC1;RAD1;ANAPC5;MCM5;BARD1;PSME1;YWHAZ;PSMA5;PSMA2;PSMD12;RPA2;RMI2;MCM8;PSMD1;PSMD4"
"Signaling by Leptin Homo sapiens R-HSA-2586552",0.0043255628336973,0.0402915385648388,0.407017918923954,0.189308055458353,1.45983644792987,129,"FN1;DUSP1;PSME2;SOCS3;PSMA7;UBC;PSMB6;PSMB8;UBB;PSMB5;UBA52;DUSP5;LAMTOR2;PSMB3;PSMD9;FGF2;FGF7;YWHAB;PSMA3;PHB;DUSP6;PEBP1;PSMC3;PSMB1;CALM1;HRAS;PSMC5;STAT3;PSMB2;FGF5;PSMA4;PEA15;RBX1;JAK1;NRG1;FGFR1;RAP1A;CAMK2D;PSMD8;PSMD2;PSMB7;DUSP10;FGF1;PSMC4;LAMTOR3;PSMC2;PDGFRB;PSMD14;PSMD11;PSMB9;PPP2R5E;PSMD7;PSMC1;GRB2;PSME1;MAPK1;PSMA5;MARK3;TLN1;SH2B1;PSMA2;PSMD12;PSMD1;PPP2CA;MAPK3;PSMD4"
"G2/M Transition Homo sapiens R-HSA-69275",0.00386340757324958,0.0369675077597214,0.431707695803346,0.18378377043064,1.44614272129393,139,"PSME2;PSMA7;UBC;TUBB;PSMB6;PSMB8;UBB;PSMB5;UBA52;CDKN1A;PSMB3;DYNLL1;PSMD9;DCTN3;SKP1;PSMA3;PHLDA1;CENPF;SSNA1;TUBG1;TUBB4B;PSMC3;PSMB1;CCNA2;TUBA1A;CCNB2;CCNB1;HSP90AA1;PSMC5;TPX2;GTSE1;PLK1;PSMB2;FOXM1;AURKA;CETN2;YWHAE;DYNC1H1;PSMA4;CSNK1E;PSMD8;PSMD2;PSMB7;CDK1;CENPJ;HAUS8;PSMC4;PLK4;PSMC2;HAUS1;HMMR;CCNH;XPO1;PSMD14;PSMD11;PKMYT1;PPP2R2A;PSMB9;CDC25B;MAPRE1;PSMD7;PSMC1;MYBL2;PSME1;CKAP5;PSMA5;PSMA2;NEK2;PSMD12;PSMD1;PPP2CA;PSMD4;NDE1;PSMA1;FGFR1OP;CDK2;TUBGCP3;ACTR1A;PPP2CB;PPP2R1A;CEP78"
"Infectious disease Homo sapiens R-HSA-5663205",0.00479259850276756,0.0427827085856812,0.407017918923954,0.163016331573837,1.43936796653929,215,"ISG15;B2M;HLA-A;EEF2;PSME2;PSMA7;UBC;CALR;BANF1;AP2S1;RAN;GTF2B;PPIA;PSMB6;RANBP1;PSMB8;SLC25A6;UBB;PSMB5;UBA52;RCC1;RAC1;SLC25A5;FAU;NPM1;MAP2K3;PSMB3;PSMD9;TCEB2;POLR2J;VAMP2;AP2M1;TGFB1;SKP1;APOBEC3G;POLR2E;PSMA3;HMGA1;TCEA1;CLTA;POLR2F;POLR2I;PSMC3;PSMB1;CALM1;CHMP5;PABPN1;HSP90AA1;EIF2AK2;PSMC5;XRCC5;PSMB2;KPNA2;CHMP2A;POLR2L"
"RHO GTPase Effectors Homo sapiens R-HSA-195258",0.001955967255812,0.0212113782408057,0.431707695803346,0.173771073926279,1.43433114260038,175,"PFN1;ACTB;MYL6;H2AFZ;ARPC2;RHOC;RHOB;ARPC1B;MYL9;RAC1;YWHAQ;MYL12B;ARPC1A;BRK1;ACTG1;CYBA;ITGB1;TAX1BP3;BIRC5;RHOA;H3F3A;ARPC3;YWHAH;YWHAB;KIF5B;CENPF;NUDC;HIST1H2AC;CENPM;ARPC5;CALM1;CDC20;SPC25;CENPN;PFN2;PLK1;CENPA;YWHAE;SEC13;MAD2L1;BUB3;SGOL2;CDC42;CENPU;PRC1;CENPK;SRGAP2;KTN1;ZWINT;AURKB;SGOL1;CENPE;WASF2;CENPT;BUB1;KIF14;PAK2;KIF2A;CENPO;CDCA8;H2AFX;XPO1;SPDL1;NDC80;MAPRE1;PPP2R5E;ROCK1;KDM1A;CENPH;CIT;GRB2;CENPL;ZWILCH;FLNA;SPC24;PMF1;CKAP5;DIAPH3;MAPK1;ACTR3;GOPC;KIF2C;YWHAZ;SKA1;PPP1CC;PPP2CA;MAPK3;MYH9;NDE1;CASC5;DVL3;RCC2;NUF2;APITD1;PKN1;SKA2;CTTN;PPP2CB;PPP2R1A;DVL1"
"Mitotic G2-G2/M phases Homo sapiens R-HSA-453274",0.00491038714121625,0.0435121813163017,0.407017918923954,0.179322805984626,1.43277576562498,141,"PSME2;PSMA7;UBC;TUBB;PSMB6;PSMB8;UBB;PSMB5;UBA52;CDKN1A;PSMB3;DYNLL1;PSMD9;DCTN3;SKP1;PSMA3;PHLDA1;CENPF;SSNA1;TUBG1;TUBB4B;PSMC3;PSMB1;CCNA2;TUBA1A;CCNB2;CCNB1;HSP90AA1;PSMC5;TPX2;GTSE1;PLK1;PSMB2;FOXM1;AURKA;CETN2;YWHAE;DYNC1H1;PSMA4;CSNK1E;PSMD8;PSMD2;PSMB7;CDK1;CENPJ;HAUS8;PSMC4;PLK4;PSMC2;HAUS1;HMMR;CCNH;XPO1;PSMD14;PSMD11;PKMYT1;PPP2R2A;PSMB9;CDC25B;MAPRE1;PSMD7;PSMC1;MYBL2;PSME1;CKAP5;PSMA5;PSMA2;NEK2;PSMD12;PSMD1;PPP2CA;PSMD4;NDE1;PSMA1;FGFR1OP;CDK2;TUBGCP3;ACTR1A;PPP2CB;PPP2R1A;CEP78;HSP90AB1;E2F3"
